"TST","Usage_quadratic","Usage_num_int_all","Usage_median_duration","Usage_num_int_5","Usage_num_int_530","Usage_num_int_30","TWT","TNST","Nonusage_quadratic","Nonusage_num_int_all","Nonusage_median_duration","Nonusage_num_int_5","Nonusage_num_int_530","Nonusage_num_int_30","user_id","Mean_flour","PA_PANAVA","NA_PANAVA","VA_PANAVA"
12099.6089997292,0.204709874336647,14,325.828999996185,7,6,2,17.05,47103.903501153,0.180983588964517,14.5,1864.40075016022,2,4.5,7,1003,4.375,3.25,3.75,3.5
2230.09199953079,0.101874698107938,19,57.8639998435974,18,2,0,17.1666666666667,60791.3830001354,0.137902187043801,24,1536.30700016022,5,7,10,1005,5.625,6,1.75,6
6899.30200076103,0.119720442683409,35,51.3269999027252,31,4,0,15.5666666666667,51322.4479995966,0.107663003293319,37,375.50200009346,16.5,11.5,10.5,1007,6.625,6,1.25,7
3886.54149949551,0.0919069600361583,43.5,21.7677500247955,41,3,0,16.85,55299.6640012264,0.0669629099613752,40,393.294000029564,17,11,10,1011,4,4.75,2.25,5.5
6893.78900051117,0.219480657225772,14,51.2865000963211,9,4,1,15.7833333333333,46146.2109994888,0.245008631509123,20,222.468499898911,11,3,6,1018,5.375,3.75,3.5,2.5
9286.67849946022,0.100849205482225,58,21.8522498607635,52,7.5,0.5,14.8166666666667,46256.1419992447,0.0528611894232158,56,414.551999807358,27,26,6,1019,6.625,6.5,1.25,7
16854.8265001774,0.170820271353243,31.5,16.792749941349,23,4,3,17.15,44382.3489990234,0.12920681317313,32,357.902000188828,13,11,7,1035,6,5,2.75,5.5
26291.8390004635,0.156521508743074,35,140.605499863625,23,7,4,18.3166666666667,40333.9750003815,0.0717496524133635,36,694.62600004673,14,17,8,1041,4,3.5,5,4
11011.3190014362,0.142372182651169,31,106.822000026703,21,9,1,15.5,44026.7320001125,0.104649033062054,32,529.891000032425,12,11,7,1049,4,3.5,2.75,5
5879.24999904633,0.0488651146753691,97,17.2430000305176,96,5,0,16.6666666666667,54627.5490007401,0.0308883335465127,86.5,408.95625013113,34.5,43.5,6.5,1053,3.75,4.25,5,3.5
10910.8470005989,0.119557564811024,44,130.556249916553,37.5,8.5,1,14.4333333333333,42119.6699986458,0.0560931445382895,41,505.490999937057,16.5,17,7,1068,3.75,2,6,2
10748.1579990387,0.0786745350658101,29,146.25150001049,19,13,0,16.0833333333333,45901.2509996891,0.0683820768665853,30,720.212000012398,10.5,12.5,9,1069,7,6.25,1.75,7
24453.4204993248,0.0840622613654567,65,35.9462500214577,48.5,13,3.5,18.5,36135.5015006065,0.0550187487477376,66,180.648750007153,38,18,4,1071,4.875,4.25,2.5,5.5
14957.6999996901,0.0795511010863887,83.5,39.7960000038147,73.5,7.5,2,17.0333333333333,47900.7789983749,0.0387871447261727,83,242.825000047684,48,27,6,1074,4.375,4.25,3.75,5.5
3895.06200027466,0.0878706095238659,38.5,44.2862500548363,34.5,3,0,16.7833333333333,55954.8160021305,0.0694011990285239,39,684.641500115395,14,15,10,1078,5.75,3.25,3.5,3.5
11508.9340018034,0.0422397182222018,83,59.8899998664856,73.5,6.5,0,15.875,45811.3834981918,0.0326717166104722,80.5,285.89100009203,41.5,34.5,4.5,1084,6.25,5,1.75,6
22711.135999918,0.0738449195399176,98,30.1480002403259,84,10,4,16.7166666666667,35883.6595005989,0.0368762458783576,95.5,150.619499921799,66,25,4,1087,6.375,5.25,1.75,5.5
8650.17050004005,0.138822567581039,48,19.6702498793602,43.5,4.5,1,17.6666666666667,56869.6360013485,0.0632569891027332,43,727.133000135422,17,16,10,1090,5,4.75,4,5.5
21962.6684997082,0.337631426642436,70,34.0567499995232,62,6.5,1.5,15.2166666666667,33006.3099997044,0.0887099509060818,79,103.455999970436,62,15,3,1093,6.25,5.5,2.5,6.5
16117.5055003166,0.0937912589785501,108,10.4547500014305,101,6,2,16,41733.5439972878,0.0348816414644362,113,110.393499970436,84,33,5,1094,4.75,4,4,4
10951.2214998007,0.170784457613932,34,68.1020000576973,27.5,5,1.5,16.175,47878.5514991283,0.0718653745243023,35,738.151499927044,10.5,14,9,1096,5.125,5,4.5,5
7977.49700021744,0.109217087191196,39,41.3907499313354,32,6.5,1,16.6916666666667,50710.4379996061,0.0672159207379744,40,508.445750057697,12,17,9,1097,4.375,2,2.75,4
13331.2199997902,0.15930035994344,26,118.873500108719,18,5,2,18.5,49690.7539997101,0.0713984088297181,27,1233.91000008583,4,11,10,1098,6.25,4.25,3,5
14933.6154997349,0.0948973197124699,84.5,30.1699999570847,73,8.5,1,15.5166666666667,38451.0054991245,0.0538644234588116,85.5,166.4224999547,57,30.5,4,1099,6.25,5.5,2.75,6
2091.34550035,0.315706066004457,22.5,13.8119999170303,21,2,0,16,54603.9020006657,0.0929623577559574,22,1642.14149999619,3,8,8,1102,5.875,5.75,1.5,6
27618.1830005646,0.152859924751374,29,408.309500098228,16,9,5,14.75,26464.6369991302,0.0844703853616333,30,562.718499898911,9,13,4,1103,4.125,2,4,4
16384.6800003052,0.11709626815948,61,13.7020001411438,50,7,3,17.625,46072.3064994812,0.0530941229131418,57.5,338.528499901295,27,19.5,8.5,1105,4.375,2.5,5.75,2
22388.7035003901,0.142481924335392,37.5,78.5207499265671,28,6,4,16.7,38986.6650009155,0.121601726929185,37,271.464999914169,18,10,7,1113,3.375,2.25,4.25,3.5
7063.45800113678,0.0343534088128788,117,20.0699999332428,112,3,0,17.0333333333333,54197.2169984579,0.0252922167204387,109.5,236.552749812603,61,49.5,5,1117,5.5,3.75,4.5,4
5434.23099970818,0.0642946515813818,59.5,23.6114999055862,56,5,0.5,18.0333333333333,59706.2620000839,0.18024481697643,47,529.839499950409,19,20,7,1125,4.375,3.75,3,3.5
11091.8145000935,0.0722638036892499,71,24.5457500219345,62,9.5,1,16.6833333333333,51715.693999052,0.0457715081090488,61,301.958000183105,27,24,8,1131,4,2.25,4,4
7411.730001688,0.138224137363912,43,26.5030000209808,36,6,0,15.3416666666667,48782.9109990597,0.0911994071483954,35,358.475500047207,16.5,12.5,7.5,1134,3.75,2,4,5
13880.3170008659,0.118271903591271,40.5,119.897249937057,30.5,11.5,1.5,17.2333333333333,47785.6339998245,0.0834943735171534,41,340.030000209808,19,14,9,1151,6,5.75,2.5,6
26657.0170004368,0.120291135652772,51,25.7550001144409,43,7,2,16.7666666666667,38613.4499981403,0.0674490277611322,44,316.588999986649,17,19,6,1155,4.375,3.5,6,3
18380.6010017395,0.0748537553797273,75,41.0900001525879,71,13,2,16.9833333333333,45601.4649999142,0.0699436440242989,62,183.854000091553,37,19,7,1162,5.5,4.25,4.5,5.5
34320.3980008364,0.100488561447801,82,39.1769999265671,64.5,11.5,5,16.05,26478.0319993496,0.0611455597118916,79,104.974500060081,63,14,3,1166,4,4.25,4.25,4
9962.17300248146,0.0612155875938393,76,34.7779998779297,62,9,0,17.5833333333333,54081.7999999523,0.0413610208226697,75,373.083499908447,31,33,8,1174,5.625,6,2.5,6
9912.35100066662,0.125218266481805,47,18.852499961853,44.5,5,0.5,16.7,53465.1559996605,0.0638695137872367,47,468.603249967098,17.5,18,10.5,1176,5.25,1.5,4.75,2
10492.1860009432,0.0736243677031251,57.5,28.1257501244545,51,8,0,16.8333333333333,52232.5139987469,0.053935181870587,57,443.90649998188,24,26,7,1178,4.75,3,6.25,3
16241.7960000038,0.0947325806370841,67,21.841500043869,53,9,2,19.0583333333333,52312.4634995461,0.113591204923817,65.5,235.447000026703,34.5,22.5,6.5,1184,4.875,3,4,5
7070.55300021172,0.0773694668407739,41,75.8519999980927,35,5,0,15.5,49569.4469997883,0.0928309731180397,36,443.246500134468,15,12,8,1189,3.625,2.5,5,2.5
15487.1425001621,0.0645161784811116,58.5,36.4829998612404,43.5,13.5,0.5,16.7833333333333,46865.2329995632,0.0567844788724221,59,377.153500080109,27,21,7,1192,6,4,3.5,5
7347.57350003719,0.0953265615297675,60,12.2682501077652,54,7,0.5,15.7416666666667,47795.9219999313,0.0562396115026787,58,476.116499960423,22.5,20.5,8,1193,4.5,4.5,4,4
36662.2964993715,0.0979093593880522,26,565.506499946117,5.5,17.5,5.5,17.0166666666667,29095.8840005398,0.127776256651917,27,377.042999982834,13,11,3,1197,3.25,3.5,4.75,5
17329.8095008135,0.0686485198181251,79.5,38.6380000114441,67,13,2.5,15.8916666666667,41246.0925002098,0.0497955496022307,73,176.031999766827,46,23.5,6,1214,5.875,5,3.5,6
11164.6854995489,0.0966062993001802,20.5,631.792250096798,8.5,11,0,16.8166666666667,48532.2439992428,0.108093256805085,20,821.227999687195,6,6,9,1227,5.625,5,2.75,6
9788.95050013065,0.126059264934819,24,180.829999983311,16,6.5,1,16.0833333333333,49480.8829991817,0.0932601784495865,25,1359.22400021553,7,8,8,125,5.125,4.5,3.75,4.5
24175.7239998579,0.126921938802566,25.5,333.234499931335,12,10.5,4,15.5166666666667,34029.9880003929,0.100340778739835,28,602.324000000954,8,9,6,126,6.125,5.75,1.25,6.5
48019.4960002899,0.16178419199992,33.5,181.238499939442,24,6,5,17.8666666666667,19647.4444996119,0.0863833122729431,34.5,239.675749897957,19,13.5,3,1266,4,4.5,3.5,3
17389.5024991035,0.128962315630027,98,28.9835000038147,88,9,1.5,15.8,40335.2135006189,0.0350567390823811,99,180.232499957085,60.5,32.5,3.5,1274,4.125,6.5,2.25,6
3380.37900018692,0.106403670129054,24,76.2720003128052,22,2,0,16.1666666666667,53505.2425000668,0.105483033211601,24.5,1053.48300009966,7,7.5,8.5,1295,5,2,3.25,3.5
8511.83800125122,0.118856203810183,46,12.9344999790192,42,6,0,17.7083333333333,56063.8379992247,0.0490223069405701,53,564.299499869347,15.5,30,9,130,6.25,5.25,1.75,6
23528.826997757,0.0370975550921312,159,17.8780000209808,138,18,2,16,35026.4894980192,0.0395796069606395,146.5,63.0347499251366,119.5,23.5,3,1301,3.625,3.5,3,4
2881.11200010777,0.126026044343721,14,144.422999978065,11,2.5,0,17.4833333333333,58974.3960011005,0.115937749571022,15,3012.35849988461,1,3,11,1302,5.375,2.5,3.75,4.5
23341.2099990845,0.0964148062121808,40,306.843000173569,22,19,3,18.1666666666667,37639.1370000839,0.07370942308208,39,312.857499957085,17,14.5,6.5,1303,4.875,4.75,3.25,5
13486.860499382,0.0330387228216671,148,21.5022500157356,133.5,10.5,0,16.4583333333333,45878.5850006342,0.0236450604278652,149,140.618499994278,103.5,40,3.5,1308,5,5,2.5,6
2617.40499973297,0.15335560211578,15,101.286499857903,12,2,0,16.1833333333333,53606.3009998798,0.166491985772038,15,1132.76150012016,3,6,7,1313,5.375,6.25,4,6
9328.91950023174,0.0759238024424787,83,20.75,68.5,8,0,18,51224.0210001469,0.0349028106691777,85,321.193500041962,39,36,4,1315,1.5,2,6,1
17986.8160004616,0.127377064145891,40,92.3840000629425,33,9,3,14.5,33142.3219988346,0.0694019505439697,41,295.650000095367,20,16,6,1316,3.625,1.75,6,2.5
4385.05700039864,0.139459727292675,25,66.2300000190735,20,5,0,16.6666666666667,54713.6369996071,0.0820945348774185,26,1381.47799992561,5,7,11,1318,5.375,4.25,2.75,4.5
17182.7894977331,0.0528766330340692,98.5,49.1060000658035,81.5,14,1.5,15.25,37767.8190038204,0.0465185526597678,91,144.753500103951,68,25,4,1319,2.625,1.5,6.25,1.5
10532.3140002489,0.131012498793071,55.5,65.5357500314713,48,4.5,1,16.6666666666667,49578.1739990711,0.0538354787638433,48,435.863999962807,20,23,8,132,4.5,4,4.25,4.5
33385.5209994316,0.200547201181224,24,254.211500048637,16,5,5,12.6583333333333,23310.5470005274,0.189678130376349,22,232.81024992466,11.5,7.5,2.5,139,3.5,1.75,5,2.5
10120.6559991837,0.059021904186416,77.5,33.6432500481606,67.5,9.5,0,17.75,51096.7809977531,0.0555336723309693,61,334.118000030518,29,23,9,141,4.375,4,3.25,4.5
10242.606998682,0.0732602373353403,33,119.177999973297,28,8,0,17.1833333333333,50174.7519996166,0.072000170944163,33,640.261249959469,9.5,17.5,7.5,142,4.75,4.25,2.75,5
21142.3114999533,0.110487492108287,42.5,83.7410001754761,33,7.5,4.5,18.8833333333333,48530.2319993973,0.0811919656619516,43,465.837999820709,18,17,7,146,3.5,3.75,3.75,2
23829.8200025558,0.0809460416727472,54,127.290000200272,37,16,3,17.7166666666667,38626.22199893,0.0691438507767471,50.5,274.325750052929,24.5,18.5,6.5,149,5.25,3.25,5,3
12297.4170002937,0.0688876986433829,49,33.2874997854233,39,10,1,15.75,43988.990000248,0.0460488838019277,50,543.480999946594,17,28,5,152,5.5,5.25,3.25,5
16319.8790001869,0.0725488049971171,80,60.715499997139,67.5,9,1.5,16.2583333333333,42038.5669988394,0.0394494791867211,81,196.96950006485,45.5,27,4.5,153,5.25,4.5,4.75,4
10563.3240001202,0.0376061804530951,103,33.1135001778603,94.5,7.5,0,18.05,54526.3740012646,0.032777094852024,102,252.354499936104,56,36,7,155,5,4.5,3.75,5.5
20491.3150007725,0.0613162890644069,47,143.788000106812,30,17,1,17.45,45580.0310013294,0.0653403995927215,42,548.919999837875,16,18,8,156,6.875,6,2,6
11115.3860015869,0.0588244282112962,57,80.9344999790192,47,12,0,15.2666666666667,40946.2619991302,0.043871319858747,58,343.115999937057,26,22,7,158,5.75,5.75,2.75,6
3237.55900001526,0.266117089251327,10,100.478499889374,7,2,0,15.3166666666667,51488.915999651,0.223978561650077,8,2601.0989998579,2,1,6,162,6.375,5.75,1.75,7
10767.0170004368,0.0394622022540713,103,41.0830000638962,93,10,0,16.9083333333333,49077.8369998932,0.0363221710864744,102,194.37299990654,59.5,36,6,169,4.25,3.5,3.25,4
13742.9714992046,0.0483284193065851,61.5,92.0219999551773,49,10.5,1,16.25,47318.648999691,0.0428493758264179,61,360.533499956131,27,25,8,171,6.5,4.75,2.25,3.5
39829.1060013771,0.0474085502429279,72,146.75150001049,46,18,7,15.9916666666667,18293.6785000563,0.0283871849772096,71.5,192.780250072479,50.5,22,0,176,1,1,7,1
13515.4429996014,0.0531095644378058,87,72.0709998607635,76,10,1,17.8333333333333,50584.4960005283,0.0325385864455904,88,274.316500067711,46,38,4,180,5,5.5,3,6
9624.86299848557,0.0479351960728029,61,39.613499879837,57,7,0,18.675,53726.5524994135,0.049133659538059,73.5,334.951750099659,32,28.5,6,182,6.125,4.75,3.5,6
2634.25949978828,0.120302193960645,32,34.1722500324249,31,1,0,18.7833333333333,62899.4670011997,0.0801723384884172,33,918.257500052452,8,11,11,184,5.125,3.25,5,3.5
4579.39899992943,0.130664811861239,27,63.3585000038147,24,2,0,17.35,59770.2700006962,0.148947452437545,22,1102.56650006771,5,8,10,185,5.375,5.75,2.25,6
25490.9034997225,0.0800061417019898,28,603.37450003624,12,14.5,2.5,16.9166666666667,37614.2860007286,0.0885686093029059,26,498.43700003624,9,12,5,189,5,5,3,5.5
18744.4350008965,0.144226423715234,37,60.9370002746582,28,4,4,17.1666666666667,43389.0850002766,0.0791434410146094,37,563.93649995327,10,17,7,190,4.375,5,3.25,5.5
10023.4295004606,0.125026455235078,51,23.1762501001358,38,6.5,1.5,18.425,55573.2974998951,0.0730449839491261,52,327.815999865532,26,15.5,9.5,194,4.75,3.5,5,4
8889.46650242805,0.0405676132805659,126.5,16.1454999446869,120.5,6.5,0,16.6333333333333,51346.9040019512,0.0299219188203205,121,149.318999886513,80,32,7,196,6,5.5,2.5,6
19235.2579996586,0.127049459918104,22.5,366.636750042439,11,8,3.5,17.5583333333333,42339.4314996004,0.105868662000279,21.5,1235.08574998379,5,7,9,197,3.5,1.5,5.5,2.5
14684.8270001411,0.0699644976200977,82,22.6049997806549,68,11,1,15.6583333333333,44369.4900007248,0.0468582069206105,77,209.641749918461,44,28,5.5,199,4,3.25,2.75,5
13103.2259995937,0.131933238324828,41,92.2329998016357,31,7,2,17.5,48745.4979999065,0.106679450927129,46.5,323.820500016212,21.5,14,7,201,7,7,1,7
5389.85699939728,0.107883713310158,43,64.0055000782013,39.5,4.5,0,17.7583333333333,56490.6424990892,0.0514010068413263,44,816.607749998569,11,21,10.5,204,3.625,3.5,3.5,2.5
4302.77199888229,0.174874675963581,27,46.8085000514984,23,4,0,17.3833333333333,52750.3080005646,0.14072308093415,28,791.975000143051,7,8,8,206,7,5.25,1.75,7
6977.33999991417,0.118910571939666,44,48.5989999771118,41,2,1,16.3333333333333,52419.0640003681,0.0613239855110511,45,703.397999763489,15,20,10,211,5.875,6,2,6
17302.1215000153,0.0966970835335467,38,133.719000041485,25.5,10.5,3,16.9166666666667,41425.8240001202,0.0769397894222162,39,435.840999960899,17,13,8,216,5,4.25,4,4.5
12176.5430002213,0.160837394072107,52,130.540999889374,42,7,1,16.3083333333333,46437.8549991846,0.0753929959450707,52.5,497.962499856949,19,19.5,6.5,220,5.875,3.75,3.75,4
6511.08299922943,0.0995472680071498,63,17.6614999771118,57,5,0,16.7,53955.1040000916,0.0670074564517441,54,438.701999902725,26,27,6,224,5.25,4.5,2.5,6
17744.7695001364,0.0776220492619358,35,321.716249883175,15,19.5,1.5,18.4333333333333,47594.1340000629,0.0799909447735576,35,685.270999908447,9,18,8,230,6,4.75,2.75,6
26990.1759967804,0.0800575582552722,134,9.96549999713898,119,13,3,13.75,23529.8240032196,0.0224880744792214,135,99.2339997291565,115,21,0,235,5.125,5.5,4.75,4
11830.6725004911,0.0704554074028568,62.5,64.2664999961853,54,10,0.5,17.5,49733.5890002251,0.0633307732591704,62,270.018999934196,32,24,7,237,3.25,2.75,5.25,2
19199.9170024395,0.0543180921503297,91,54.8239998817444,79,12,2,16.3,44093.5690004826,0.0334707605075799,88,233.545000076294,57,34,4,241,4.75,3.75,4.25,5
9437.17450034618,0.15932121669302,28,71.0482499599457,20,5.5,1.5,17.0333333333333,51275.9639995098,0.0945912760648455,29,944.319999694824,7,10,9,246,5.125,3.75,4.75,3
16305.1299993992,0.105321269694729,47,68.188000202179,31,8,2,15.6833333333333,37754.8700006008,0.0660969215378243,48,260.209000110626,25,15,5,254,5.625,5.25,2.25,6
6262.84099936485,0.143431048812384,32.5,13.9355000257492,28,6,0,15.8166666666667,51901.9979999065,0.0786534720611435,31,1231.71300005913,8,14,10,257,4,4,4.5,4
15033.6649997234,0.0520358059721215,64,123.33849978447,49,15,1,16.3833333333333,43845.2070002556,0.0491068134183755,62,385.99749994278,28,22,7,261,6,5.5,2,6.5
25664.1940006018,0.0575981113083577,59,237.247249960899,31.5,20,2.5,16.7833333333333,32533.1289992332,0.0625371016917302,59,286.283999919891,30,23,3,264,5.5,4.25,3.5,5
20183.6229996681,0.052701114618202,102,30.074000120163,82.5,19.5,2,15.5833333333333,36040.4009993076,0.0321817747301219,101,144.118999958038,70,29,3,268,3.875,2.5,5.5,3
13243.4650001526,0.0901152355167819,51,67.2297500371933,39.5,9,1.5,17.3083333333333,45285.0914990902,0.0681010922307044,44.5,388.557500064373,21.5,14,10,269,4.375,4.25,4.25,4
3156.64300060272,0.0803797919612328,40,39.2089999914169,39,1,0,16.6666666666667,56395.1394995451,0.063480447659757,41.5,552.379749953747,16,14,11,273,5.625,5.75,4,6
12065.4980012178,0.0761459818222372,87.5,57.3169998526573,71.5,9,1,17.85,55053.3820004463,0.0442080993212957,85,215.179999828339,49,27,7,274,4,4,4,4
19469.7645014524,0.0344328964777596,87,117.067749977112,69,19,0,16.9666666666667,40324.7129981518,0.0797112711116879,94,111.554499983788,64,23,4,276,5.25,3.25,4.25,5
19026.0200004578,0.0982827308169389,60,60.779000043869,48,11,3,14.3333333333333,33053.9799995422,0.0673073358199817,61,262.061000108719,30,19,6,282,4.375,5.25,4.5,3.5
21319.531001091,0.0803707355807946,47,65.578999876976,38,12,3,17.1083333333333,41573.1054991484,0.0680074336876756,48,370.075249910355,24.5,16.5,7.5,287,4.875,3,4.75,5
6984.48499965668,0.136631981949636,31,56.0449998378754,24,4,1,17.3333333333333,56357.8060007095,0.0797135085790899,29,643.218000173569,9,9,9,298,4.25,2.75,3.75,3.5
8086.71800017357,0.0861081375805448,40,95.1289999485016,28.5,8.5,0,16.1833333333333,49738.5455002785,0.0591162453996046,41,567.782000184059,16.5,18.5,9,302,5.625,4.75,2.75,6
29367.3530004025,0.109323038677137,30,370.641999959946,12,13,4,18.2833333333333,35361.3340001106,0.0920198212677007,31,543.704499959946,12,13,6,307,6,5,2.5,5.5
18780.8920016289,0.109850782462191,105,14.6289999485016,97,6,4,16.1,38939.1079983711,0.038811815039286,104,177.730500102043,68,31,3,311,3.375,2.75,6,2.5
21477.9194999933,0.0459796282245053,96,56.4625000357628,66.5,21,2,17.0833333333333,40949.6729991436,0.0380271006116156,95,212.218999862671,54,29,5,312,4.5,2.25,4.25,5
38566.9899997711,0.0586805461655329,43,451.033999919891,17,18,8,16,15640.686999321,0.0812545640205286,42,156.650499939919,27,12,2,314,4,4,4,4
14386.097500205,0.142836723976718,29.5,110.46624994278,22,6,2.5,15.375,44713.1204997301,0.0967937961193104,28.5,806.838749885559,8.5,11.5,6.5,316,6.875,6.25,1,7
5852.05799996853,0.145148483126962,29,85.6582500934601,25,4,0,15.95,52509.6170003414,0.109889058172114,28,1191.21499991417,9,7,10,317,5.25,4.75,3.5,5.5
10202.8419981003,0.126948097633953,42,146.418999910355,30,6,0,17.4333333333333,48538.6080002785,0.0590758744653503,38,705.943500041962,14,22,7,319,3.25,2.5,4,2
4267.94600105286,0.11883129904263,49,17.2145000696182,46,4,0,17,56971.267998457,0.0833382793696647,48,460.168499946594,19,21,6,320,4.25,4.25,6,4
14243.6180002689,0.0764020140642743,55,40.3444999456406,50,9,1,15.85,40175.8039987087,0.0523251219741583,56,302.342000007629,26,19,7,321,6.75,5.5,1.5,6
9164.16849970818,0.167203823998261,35,88.3019999861717,30.5,3,1.5,16.0833333333333,52372.3374991417,0.0917829643189683,30,664.156249940395,8.5,13,9,331,5,4.5,2.5,6
12007.7130014896,0.100714466199402,49,59.0240001678467,38,7,1,17.9416666666667,50590.2549997568,0.0805560545618371,50,334.176249980927,24.5,15.5,9,341,3.75,4.75,3.75,4.5
10348.6134991646,0.0629440341446642,59.5,50.2127501368523,48.5,10.5,0,16.2333333333333,47885.0894998312,0.052247689053669,60.5,302.206749796867,31.5,20,8,344,6.625,6,1.75,6
27850.8650007248,0.0301727217239023,134,82.426500082016,112,21,1,17.4583333333333,34593.6374999285,0.0251125634351905,120.5,111.49899995327,88,31,3,352,5.5,5.25,3.25,5
5867.18499994278,0.159115017281802,27,63.8230001926422,23,3,1,21.5583333333333,68407.175999999,0.0817159002881447,28,1276.61974996328,8.5,9,12.5,358,5.25,2.75,3.5,4
18703.9420011044,0.0489510937774778,75,77.3970000743866,58,15,1,16.65,42992.8350009918,0.053795680745964,76,184.736999988556,52,22,7,364,5.875,4.75,3.25,6
10841.0110000372,0.0761902085543252,33,165.457500100136,25,8,0,18.4166666666667,54188.9169993401,0.0978261413292857,32,804.165499925613,7,15,8,365,4.5,3.75,4.5,5
12582.2040002346,0.210509620068032,12,321.164000034332,8,5,2,15.6666666666667,46535.5760002136,0.179630707141637,12,1652.1819999218,2,3,5,366,3.375,2.75,4.5,4.5
9929.99800109863,0.128911672512934,38,66.3199999332428,29,10,1,16.9166666666667,50478.405500412,0.10912072291348,39,314.940000295639,17.5,15,6,368,5.375,4.75,2.5,6
10153.7660001516,0.145819069872835,32,79.915000140667,25,5.5,1,17.1333333333333,47952.7055000067,0.0715068496549629,33,716.137000024319,13,16,10.5,369,5.375,4.25,3.25,6
10779.9019999504,0.110867381945884,83,35.831000328064,72,5,1,16.3666666666667,47637.5620008707,0.0303584707913646,80.5,281.921249985695,38,32.5,6.5,372,6,5.75,2.25,6.5
8140.15499889851,0.0890385369301786,46.5,31.0247500538826,40,5,0.5,16.35,49039.9450004101,0.101771106006368,46,331.969000101089,21,17,8,373,4.625,5,3.5,5
21699.2989988327,0.127662434729052,44.5,26.0935000181198,33,8,3,15.9916666666667,33451.3329999447,0.0734116622854798,45.5,259.135249972343,24,19.5,4.5,375,5.25,5.75,2,3
10309.7184996605,0.0734136704704288,81,7.71924990415573,71.5,9,0.5,20.8666666666667,64739.3185003996,0.0559795530457766,82,228.06300008297,47,26,9,376,6.375,4.5,1.25,5
11383.9194995165,0.0835117259695603,37.5,138.684500098228,26.5,10.5,1,16.1083333333333,45616.6520006657,0.0588443253744713,38.5,595.270500063896,11.5,17.5,9,377,5.75,6,1.5,7
18997.1009991169,0.07190974311278,90,69.426500082016,78,10,2,17.025,42368.0105001926,0.0313086973324331,76.5,349.460999965668,34.5,36.5,3,378,3.875,5.5,2.5,5
4192.2189977169,0.10840734935867,42,33.3570001125336,37,3,0,16.9166666666667,54471.0550003052,0.0567608868125774,43,705.910000085831,12,18,10,383,6.75,4.75,4.25,5
10081.6459994316,0.0705852436455969,58,66.0169999599457,44,7,1,17.275,52815.0879989862,0.103023945033069,51.5,198.227249979973,28.5,15,7,384,5.625,4.25,3,6
802.963500142097,0.158574432268801,18.5,15.096499979496,18,0,0,17.5666666666667,62421.27099967,0.127454029865707,17,2965.42600011826,3,3,8,393,4.125,4.25,3.5,3
17595.0534999371,0.0298206294826156,153.5,26.2940000295639,138,13.5,0,15.5083333333333,38219.5600003004,0.0349465629383942,154.5,86.0634999871254,126,26,3,394,6.875,4.25,3.25,6.5
30766.1470007896,0.0878623100133086,25,734.481999993324,6,11,5,16.9333333333333,27295.9309998751,0.116893242897558,25,581.180249989033,8,9.5,5,400,5.125,4.75,2.75,5.5
3655.00350046158,0.226541564237952,16,33.9787500500679,12.5,2,0,17.4583333333333,57416.5965006351,0.135365859317727,17,2138.01400017738,2,5.5,8,401,5.625,5,1.75,6.5
10850.3070002794,0.233207756112159,25,37.2739999294281,19.5,3.5,2,17.6666666666667,51557.0210006237,0.105691923472519,26,587.808250129223,10.5,9,8,403,6.125,4.75,3.25,6
5250.86349952221,0.229697088110624,34.5,16.4862499833107,31.5,2.5,0.5,16.5,52569.1360011101,0.0595591133687392,35,794.378999948502,9,16,10,404,6.125,5.5,2.25,6.5
12670.5549998283,0.0921913847741483,60,40.3520002365112,53,8,1,16.125,48234.0345000029,0.0534383282662941,62,345.68699991703,28,27,7,406,6,4.5,2.75,6
6463.21200013161,0.11693170608812,41,55.0969998836517,37,3,1,16.7,48991.2439992428,0.0575123346141929,42,701.782999992371,13,20,10,407,4.875,4,3.75,5
17617.3639991283,0.0699458200774171,103,32.335000038147,92,10,1,17,43929.6280014515,0.0336872220681147,104,148.652000188828,71,30,5,409,6.625,4.75,2.75,6
11965.3500003815,0.125758243176119,19,252.334499955177,7,7,2,18.5666666666667,54874.6499996185,0.149364031338848,17,1723.68949997425,4,4,8,411,5.125,3,3,4
16321.7009999752,0.0720282946694803,89,14.9597499370575,75.5,9,2,17.0416666666667,45208.2990000248,0.0400702823986389,90,163.925999999046,54.5,28,6.5,416,5.375,4.75,4.25,5.5
6597.47300100327,0.100494889237769,33,95.0599999427795,23,7,0,18.6833333333333,58092.3800005913,0.0756540016448508,29.5,1447.74900007248,3.5,13.5,11,418,6.125,6,1.25,6
15758.7240000963,0.140793046339459,33.5,90.6487499475479,26,8,2,18.5916666666667,51990.4674993753,0.112224818374097,40,394.383250057697,18,11,8.5,420,4.375,3.25,3.25,4
13204.2209992409,0.0762343943877391,44,63.1460001468658,37,6,1,15.7666666666667,44534.6900006533,0.0562084740285533,41.5,481.236000061035,19,17,8,423,2.875,5,3,6
2285.1259996891,0.29645967534588,13,60.0569999217987,11,1,0,17.2,57251.3745000362,0.150736096395615,14.5,2658.04774999619,2.5,2,9,424,5.375,5.75,2,6
6557.52099919319,0.144017358166276,49,37.3540000915527,46,3,0,16.9833333333333,52848.83700037,0.041803907396025,50,648.265749931335,15,21,10,426,6.125,5.25,2.5,6
18858.8009998798,0.0468830505790272,66,78.3539998531342,54,16,1,16.55,43348.7510011196,0.0330985411401847,66,363.050000190735,28,33,5,429,4.375,4,4.5,5.5
31194.22199893,0.160838937541043,38,96.3209998607635,25,6,4,13.9166666666667,20391.6030002832,0.0731037100680456,37.5,259.815999984741,21,15.5,2,435,5.625,6,2.25,5.5
16376.4519997835,0.0924702764624627,40.5,194.031749904156,24.5,14.5,2,17.1833333333333,44833.9160003662,0.0633710641702274,34,644.504999876022,11,13,8,436,5.125,2.75,5.75,1.5
23770.2710007429,0.097815294087886,90.5,8.27824985980988,78,9.5,4,18.1333333333333,42542.3989977837,0.0448223133831379,90,166.318000078201,49,23,5,437,4.375,3.25,3.25,3.5
24086.7754998207,0.264012853404657,17.5,690.286499977112,4.5,9.5,3,19.425,46823.1454999447,0.149501983775783,17,1285.4022500515,3.5,5.5,7.5,438,3.5,3.75,5,2
18959.12649858,0.127769667664704,57.5,13.8564999103546,48.5,7,3.5,16.1666666666667,37442.0529994965,0.160302798737078,49,165.695500016212,27,17,4,446,5.625,5.75,2.25,6
4408.13799953461,0.0817608487224098,30,93.3540000915527,27,5,0,17.5833333333333,57535.2155003548,0.0927590544462515,29.5,961.414249777794,9,12,10.5,451,5.875,5.25,2.25,6
18362.427000761,0.23088335397788,16,608.276499986649,7,7,2,17.0666666666667,46782.5735000372,0.118298154491994,17,1544.37374985218,3.5,5,8.5,454,4.25,3.75,3.75,5
13379.1890007257,0.0780796459254475,40.5,68.5699999332428,31,12,1,17.5833333333333,49573.1210000515,0.0819610558563386,40,432.133999824524,16,16,9,455,5.5,4.5,3,6
7829.04799985886,0.0937256010216437,49,67.5020000934601,45,4,1,15.275,47798.7310005426,0.0826906280635367,46.5,452.467750072479,20,16.5,6.5,456,6,4.5,4.25,5
20150.6620006561,0.0584831905855644,83,120.910000324249,62,16,2,15.95,36647.0770001411,0.0428770152877776,84,179.767000198364,55,25,4,458,5.5,2.75,4,4.5
9446.06849873066,0.24822255863864,43.5,18.5839999914169,40,3,1.5,16.8333333333333,50836.6320004463,0.0829548677545695,43,669.128499984741,12,22,8,463,4.875,5.75,2.25,5.5
30512.7645009756,0.0864949625507728,137,7.01274996995926,120,12,5,15.9833333333333,21942.6589989662,0.083750157903562,103,65.7689999938011,82,13,2,467,5,3,4.5,5.5
15403.5940008163,0.2113564711614,36,31.1289999485016,32,5,3,14.4833333333333,34278.5014998913,0.109900119802165,36,333.117499947548,17.5,11,4.5,468,5.625,4,3,5.5
12062.7330000401,0.105173645579627,30,125.888000011444,23,7,3,17.5,48688.6909997463,0.0803413641140357,26,960.051999807358,8,7,11,472,4.75,3.75,3.75,4.5
16593.9659998417,0.113679878571367,35,317.521999835968,16,16,2,17.25,46898.7600007057,0.06264062413962,36,809.393000125885,12,13,9,478,4.5,2.25,4.75,2.5
17683.0154995918,0.13103882454922,29.5,154.647999763489,18,11.5,2,16.1666666666667,37927.4955004454,0.0680704969222333,30.5,696.402999997139,9.5,16,6.5,479,6,5,3,6
11516.9170024395,0.0574202779775176,42,156.166499972343,30,10,0,15.75,44664.8359997272,0.0615850072678296,43,468.652500033379,18,18,7,480,6.125,5,3,6
1545.04699969292,0.0929064921688044,20,41.1000000238419,20,0,0,16.2333333333333,56510.1319999695,0.0995913210177098,21,1417.78199982643,5,7,9,482,6.125,6,1.75,6.5
9555.81700098515,0.0657126033288422,39,105.043999910355,31,8.5,0,16.75,51217.7230005264,0.0721334706929271,39,726.157999992371,11,17,8,486,6,4.25,3.25,7
16327.6010010242,0.156679725531318,41,63.3580000400543,30,6,2,14.8333333333333,37072.3989989758,0.124092930305377,42,196.840000152588,21,12,6,487,5.75,4.5,3,6
5269.25500035286,0.0572883136145166,61,43.7359999418259,56,2,0,17.2916666666667,56307.781999588,0.0821952859088468,60.5,387.96724998951,22.5,22,8,488,5.375,5,2.5,6
7492.18099856377,0.0588797367184282,62,43.0585000514984,60,6,0,17.75,57727.8190014362,0.0376597094158888,63,543.417000174522,28,27,9,492,4.25,4.5,3.25,3.5
26175.5355005264,0.0752356128925174,33,402.569250047207,14,17,6,16.25,36861.9489989281,0.105988868752163,26,404.042499780655,8,9,6,493,6.75,3.75,3,5.5
9948.37300014496,0.156944383002208,35,33.0260000228882,27,5,1,17.75,54479.9550001621,0.0677289150052753,36,882.151499986649,11,12,11,495,5.75,4.5,3,6
16527.9774997234,0.111663177263515,28,194.74950003624,20.5,8.5,3.5,15.1833333333333,37379.6740000248,0.108103809478699,26,619.574999928474,7,10,8,503,5.125,4.25,1.25,4
34203.5410010815,0.0664484417062494,78,50.5705000162125,56,12,6,16.5166666666667,24952.5020000935,0.0367221462113897,82,139.816000103951,58,23,2,506,3.75,2.5,4,2
29429.72199893,0.184803195834855,31,33.0950002670288,25,2,5,15.9166666666667,30050.5560007095,0.253477433665232,34,162.318999767303,20,8,3,510,4.875,5,1.5,6
29800.907999754,0.107970379156866,34,119.371000170708,20,9,6,17.8166666666667,33599.4865000248,0.0916169457706205,35,379.501999974251,16.5,11,6.5,518,6.375,6.25,2.75,5.5
21112.001499176,0.0446724888864455,148,19.6442499160767,127,15,2,16.0666666666667,40081.7360014915,0.0301169711371643,145,76.7049999237061,113,28,4,523,2.5,2.25,4.25,3
11140.2660005093,0.0470681879121627,43,183.162999868393,31,14,0,16.0833333333333,49649.4219994545,0.0662296224525659,42,530.96899998188,17,16,10,524,3.625,5,5.5,3
16842.3709998131,0.068221986748025,60,81.9819999933243,46,13,3,18.6333333333333,51673.8085002899,0.051210645106039,60.5,331.621750116348,27.5,24,6,527,2.5,1.75,6.25,1
28308.0200002193,0.229494343857558,32,43.308000087738,20,5,2,18.9333333333333,30107.2019991875,0.133646680673964,33,168.953999996185,16,10,4,528,5.75,4,3.25,6
5912.90600156784,0.171154257890439,42,8.83900022506714,36,6,0,17.5833333333333,55195.2459995747,0.0549786393978372,43,645.878000259399,10,20,11,531,4.875,4.25,4,4
14212.9464987516,0.150451856836198,43.5,29.4520001411438,36,6,1.5,17.55,44355.2390003204,0.0898712339693072,42,265.492000102997,20,19,6,532,5.25,3.75,4.5,4.5
12996.9169998169,0.104491165662188,14,832.09099984169,3,11,1,17.3833333333333,46272.0980001688,0.169831202331127,14.5,1277.7677500248,2.5,5.5,6,536,4.5,4.5,4.5,4
4121.3700003624,0.150644347857278,28,26.9867499470711,25.5,3.5,0,17.1666666666667,57437.4489989281,0.076148132881826,29,1371.00899982452,6,10,11,538,4,1.75,3.75,2.5
25511.9269979,0.0702607648944319,76,64.1645001173019,60,14,3,17.3916666666667,42420.2379996777,0.0651878388628318,76.5,250.240750074387,43.5,30,4,539,6,4.5,4,6
12696.3299982548,0.0580836680407368,104,31.9069999456406,94,8,1,15.4,42312.7380006313,0.0429004729457927,101,164.544000148773,72,27,4,552,5.625,4,3.75,4
26344.5755003691,0.0495216120312939,127.5,50.4567500352859,103,17,2,17.8333333333333,36205.4244996309,0.0368950271103016,128.5,119.419750034809,96,26.5,3,560,5.875,3.25,4.25,4
23674.1179987192,0.0923253659868872,43,142.668000042439,28.5,9.5,3,17.4166666666667,40603.2630012035,0.0608555226008026,44,293.230499982834,22,16,7,562,4.625,3,5.25,5
19826.8019986153,0.0584047804672162,75,48.1344999074936,60,15,2,17.25,38668.1990010738,0.0410143554047454,76,281.088999986649,40,29,4,564,6.125,4.5,4.5,4.5
18508.5409998894,0.135164129390859,19,138.212000131607,10,8,3,15.35,37452.9640003443,0.0993043296787962,20,1159.02950012684,5,8.5,7.5,569,6.75,4.75,3,6.5
28418.4045001268,0.130804732129679,26,214.127250015736,14,8,4.5,16.4916666666667,32024.9744997025,0.13471835840281,27,281.458999872208,12,10.5,4,574,4.75,2.5,3.5,3
4809.67499947548,0.0427127185668357,101,17.5079999566078,98,1.5,0,15.5416666666667,47816.4274998903,0.0272129855767022,102,261.179500102997,55,42.5,5.5,575,6.125,6.25,2.25,6
5064.0114992857,0.0990322446344541,55,28.5074998736382,51.5,2,0,17.9333333333333,58547.8624994755,0.05847653116297,56,436.058000087738,23.5,19.5,9.5,576,4.75,4.25,3,5.5
11231.5279998779,0.134165189393082,32,52.7035000324249,22,8,1,17.2083333333333,51228.9740000963,0.0985026166499617,32,461.152500092983,11.5,9,8.5,577,6,4,3.75,3
9130.23799943924,0.0542488995377883,92.5,15.9369999170303,83.5,6.5,0,15.15,45932.633998394,0.0396924550136967,89,209.367499947548,55,28,6,588,5.25,5,3.25,6
15633.3425000906,0.0873692335322801,80.5,27.4754999876022,73.5,6.5,1.5,16.7333333333333,46694.0950001478,0.050346488946789,73,221.433750092983,39.5,25.5,6.5,590,6.5,4.5,4.25,5.5
10394.2760000229,0.156795214040932,42.5,34.8700001239777,37,5,1,16.3916666666667,47751.7160000801,0.0731103657062316,43.5,434.0625,19,23.5,6,600,3.75,2.25,3.5,5
36307.4820005894,0.0995684535678821,55.5,125.807999968529,39.5,12,5,17.5,24953.9439998865,0.0574148264012311,56.5,160.733000099659,32,18.5,3.5,603,3.625,1.75,6,1
11738.5109977722,0.060025401357219,93,18.7039999961853,88,6,0,18.0833333333333,52660.1579996347,0.0243163373568767,115,182.589750051498,70.5,42,4.5,605,4.75,3.25,3.75,5
14335.3585004807,0.0859418876453179,81,22.477499961853,69.5,8,1.5,15.25,40627.9800000191,0.0446682638951204,80.5,164.161750078201,49,24,7,608,6.5,5.5,3.5,6.5
16412.5460000038,0.0809628630666714,38,151.022000074387,27,9,3,18.05,47922.7409995794,0.09790658597306,39,250.389249920845,22.5,11.5,8,609,5.375,4.5,2.75,5.5
15874.5599994659,0.0743093460524764,26,439.259999990463,2,20,1,15.9,45208.1419999599,0.125388436784428,22,1134.64299988747,5,7,8,613,2.875,3.5,6,2
14133.4689993858,0.090230789276279,109,13.1289999485016,101,8,2,15.25,42364.186000824,0.0252880732307763,105,230.085000038147,60,38,2,616,6.375,5.25,2.5,6.5
23294.5874986649,0.0584896953007158,75,60.0955000519753,56,15,2.5,15.8,42804.8769979477,0.0587113678845134,75,187.962999820709,42,22,5,620,2.75,2.25,5,2.5
9655.16100120544,0.135375835697407,87,13.7295000553131,77,5,1,16.5,49306.5439984798,0.100107428624177,77.5,146.344999909401,55,16.5,6.5,621,5.125,5,3,6.5
8954.17299795151,0.03792304939138,251,6.90249979496002,247,7,0,17.1666666666667,50532.2110009193,0.0132840985350478,252,116.551499962807,205,34,2,622,4.75,2.5,5.5,3
5589.77399921417,0.153933620435961,16.5,168.138500094414,11,5,0,16.625,46708.9284999371,0.129655821304787,17,1382.50499993563,4.5,6,7,633,4,2.5,4,2
20082.2380001545,0.10412768888842,42,132.103500008583,30,11,2,16.4916666666667,40016.0250006914,0.0766401451805059,42.5,355.684500038624,19,16,7,634,4.25,2.75,2.75,4
28461.6310002804,0.111767249700161,65,16.7175000905991,54,10,4.5,16.3333333333333,32625.7080001831,0.0663641952600283,64,180.289999842644,35,18,4,637,6,5,3,6
8387.94500041008,0.0589115096490459,39,80.1249998807907,30,10,0,16.8333333333333,52785.2820005417,0.157497691263216,38,359.811000108719,15,11,7,642,4.25,4,3.75,4.5
18712.2039994001,0.0992388051713195,101.5,15.4032501578331,89.5,10,3,16.6666666666667,41899.4549996853,0.0516147963452498,101,72.6594998836517,76,23,6,644,4.5,3,5,3
17867.9214988947,0.0569160849808844,73,52.6437499523163,60.5,13,1.5,15.65,36333.1660001278,0.0662251608702573,69,144.458999872208,45,21,4,645,4.625,4.5,3.25,5
17655.9340003729,0.0830620281851811,182,11.1197499036789,172.5,9.5,1,16.375,41790.469001174,0.0247073212655644,183,95.1944998502731,154.5,30,2,647,5.375,3.5,6,1.5
9542.36899900436,0.0998384584464981,46,31.8475000858307,41,8,1,15.2166666666667,44554.9679989815,0.0654079572260702,55,218.757999897003,35,13,6,654,5,4,3,6
1557.01850032806,0.210613237431007,33,5.81475001573563,29,2,0,16,55426.0169997215,0.0886575393563889,32.5,958.159000039101,6,16,8.5,664,5.625,4.5,3.5,5.5
5128.99400043488,0.106030041531529,60,15.3967500329018,57,3,0,16.7583333333333,55275.1474983692,0.0473340007028687,61,374.226500034332,28,26,9,668,5.125,5,2.75,5.5
15055.6120007038,0.0783247092114216,51,68.9479999542236,39,10,1.5,17.7833333333333,49022.0120000839,0.0600667434213832,51,420.310000061989,22,19,8,674,4.25,1.75,2.5,3.5
7648.75850081444,0.0837504896584755,64.5,15.5490000247955,57,7,0,16.1666666666667,49537.063000679,0.0397786988520934,65,328.237999916077,33,25,7,676,5.125,5,2.75,5.5
16609.378498435,0.130508767255133,83.5,21.9294999241829,74,7,3,16,40990.621501565,0.0520906257006239,84.5,142.537750065327,52,27.5,4,678,4.625,4.5,4.25,4
17249.3139994144,0.0787592231598879,78,33.7690000534058,67,8,1,16.1166666666667,35704.9409990311,0.0586433682405758,70,170.456000089645,49,24,5,681,3.5,4,4.25,4
18819.8159999847,0.129661610521597,27.5,355.666500031948,7,18.5,2,17,42747.8979996443,0.0823412773475424,28.5,717.384999871254,7,11,8,687,5.25,4.25,3.75,4
8635.31499886513,0.143316719380033,29,59.7130002975464,21,6,1,16.6666666666667,51594.1705009937,0.114158033393068,31.5,632.843999922276,11.5,8,7.5,691,6.625,4.75,2,6.5
6553.24450016022,0.0909873662950603,49.5,20.3262499570847,41,7,0,16.9166666666667,53016.2269978523,0.0537225193238775,48,424.59700012207,24,19,10,693,5.75,5,2.75,5.5
14534.6629993916,0.0222569596343806,163.5,34.550999879837,155,10,0,17.525,45868.3819994926,0.0207403255268322,164.5,138.409250080585,120.5,43.5,3,696,5,3.5,4.75,3
19586.0134993792,0.0344218934366972,132.5,40.8494999408722,110,20.5,0.5,17.25,42760.5620002747,0.0416207695489484,126,109.790999889374,87,34,4,697,5.5,4.5,2,5
14335.1529994011,0.0895155707084468,97,18.6209999322891,79,9,2,17.75,50175.1105002165,0.058408238291836,86.5,201.621999979019,52,32,4.5,789,4.875,3.75,4.5,4
10009.1010012627,0.0860468361716967,78,11.2770000696182,67,7,1,16.5833333333333,47708.3389987946,0.0682882856047161,74,194.982499957085,43,23,5,790,4.375,3.75,3.5,2
10175.5099999905,0.135034719356857,24,89.5909998416901,20,6,1,15.8333333333333,46808.2269995213,0.132791941671199,30,312.795750021935,13.5,7,8,792,2,2,6.5,1
7450.43450021744,0.122927125858183,43.5,43.5057500600815,35,4,0,16.9583333333333,54266.2110000849,0.0542723531122443,44.5,718.509750068188,12.5,23,9,805,5.75,6,3.75,5.5
17394.7870001793,0.146392708301065,13,726.130999803543,5,3,6,17.05,37441.9290008545,0.169357176251672,13,1601.67250001431,3,4,7,811,6,4.75,3,5
15470.0280013084,0.0822299673406504,55,72.0010001063347,43,10,1,17.9333333333333,49925.2380003929,0.0534964388401073,56,395.084500014782,24,26,6,813,6.25,4.75,3.25,5.5
16589.3819997311,0.0408195457038137,105,32.9074999094009,88,14,1,18.1,49470.6180002689,0.0370993154246599,106,153.529500126839,72,35,5,815,5.25,3.75,3.75,5
12497.9779984951,0.0838875395916423,68,34.4094998836517,53,9,1,16.9333333333333,46003.0815002918,0.0462129778322223,69.5,317.153500080109,34,31,6,821,3.5,2.5,4,2.5
17409.6209976673,0.0646482934981565,65,58.0995000600815,47,15,1,17.4333333333333,44338.4249992371,0.0452516960305073,66,352.239500045776,28,30,5,822,4.75,2.75,5,2.5
21132.7880005836,0.173715707912565,20,520.828999996185,8,9,4,16.75,39539.8729996681,0.116697115050171,20,1431.71249985695,5,6,8,823,4.5,4,2.75,4
39090.5149989128,0.0606579053119739,81,82.1174999475479,63,16,6,17.1583333333333,21765.2145004272,0.0661823174000091,80,32.4230000972748,59.5,14.5,2,824,4.375,3,5.25,2.5
7605.98199975491,0.0419397686884562,103.5,19.4969999790192,98.5,4.5,0,17.1333333333333,53351.8239991665,0.0298649308318797,104.5,249.166750013828,55,39,5.5,825,6.25,5.5,2.5,6
4659.86049985886,0.185670357600513,31,32.4432500600815,24.5,3,0,15.2916666666667,48446.3270002604,0.0931704710011322,32,620.730250060558,10.5,13,8,826,5.625,3,4,3.5
20624.3100001812,0.0656433966744725,44.5,221.902250051498,26,16.5,2.5,16.8166666666667,39740.1879994869,0.0761890488429807,44,372.434000015259,22,19,6,827,5.375,4.25,3.5,5.5
4799.97799992561,0.126065527833042,40,13.4390001296997,36,5,0,14.875,49071.247500062,0.0782413265847295,35,936.463750004768,10,17,9.5,829,5.5,5,2,6
5456.12250041962,0.111927736251977,27.5,95.1885001063347,21,7,0,18.0166666666667,57182.5309995413,0.117629687064244,26,771.710999965668,8.5,8.5,9,830,4.625,2.75,4,3.5
10113.5204995871,0.202286694468664,24,70.1399999260902,18.5,4,2,15.9333333333333,45619.4029998779,0.130194156160919,25,900.569000005722,8,9,7,831,6.125,4.25,4.25,3.5
11493.9805008173,0.103731781317765,83.5,13.62399995327,74.5,7,2,16.0416666666667,45448.4264993668,0.0494877531924373,84.5,183.763000130653,52.5,24,6,833,5.125,4.5,2.25,5
14284.2345000505,0.0903391054685904,30.5,183.966749966145,17,11.5,1.5,17.5,48445.0624998808,0.0769200354218786,31.5,783.386000037193,8.5,12,11,836,5.375,4.75,3,5.5
10590.1855000257,0.0483345551220333,111.5,26.6784999370575,101,8,0,15.5833333333333,47055.2470002174,0.0335735286737375,111,148.765999794006,74,31,3,837,6.25,6.25,1.75,6.5
4411.02399992943,0.0901038292807035,25,97.3299999237061,21,3,0,16.75,55590.4874994755,0.0838898740165447,25.5,1357.24950003624,5,9.5,10.5,838,5.375,4.5,3.5,4.5
2478.57499957085,0.140713132914896,51,7.89699983596802,51,1,0,16.1,55604.0054985285,0.0390128270779599,51.5,715.004749953747,17.5,24,9.5,841,4,3.5,3.75,4
5103.30800008774,0.160173816438536,17.5,180.744000017643,14,5.5,0,15.1666666666667,48462.9000003338,0.149523107564611,18,1148.51049995422,5,6,7,842,3.375,4,3.25,5.5
4566.34700059891,0.199453779841595,11,219.09299993515,6,5,0,16.7,48415.6280002594,0.239798482065478,12,2882.26549994946,2,2,5,843,4.125,4,3.5,4
7032.81699824333,0.0838345885787667,89.5,19.5070000886917,81.5,5.5,0,16.6666666666667,53882.1909999847,0.0342369530410423,82,344.303250074387,36.5,34,6.5,848,7,6,2,6.5
21128.3209979534,0.0514788036010252,117,21.9089999198914,96,18,3,16.05,36117.9135006666,0.028416395300684,112.5,162.972999989986,76,24.5,2.5,850,5.25,4,3.5,6
22235.4060001373,0.121203039195264,46,75.7860000133514,31,9,3,16.6166666666667,37693.1830003262,0.105051852152199,47,208.443499922752,26,15,5,852,5.625,4.25,3.25,5.5
14513.827999115,0.102782180491622,40,89.6680002212524,29,9,2,17.0833333333333,46283.5895009041,0.12812135188409,39,216.141500115395,21,11.5,7,854,5.125,4.5,3,5.5
14598.9434995651,0.0536007630113741,87,40.7362499833107,71.5,12.5,0.5,16.7333333333333,44736.550999403,0.0322112318602321,88,197.158749938011,53,27,5.5,855,3.375,3.25,5.75,2.5
10393.9930000305,0.0603349253176781,54,74.8320000171661,50,9,0,19.1333333333333,54373.6045005322,0.0642862151394026,55,424.26650005579,23.5,23,9,861,5.625,4.25,1.75,7
8161.45050132275,0.0438721881945172,80,40.8347500562668,69.5,7.5,0,17.0166666666667,49978.8029985428,0.0434478017752811,77,292.995499968529,37,29,7,866,4.125,4.25,4.25,5
15414.1615003347,0.101161067166644,35.5,136.630499958992,22.5,10,2,17.5833333333333,49142.8949995041,0.0841021249132749,34,736.114000082016,9,17,8,868,4.875,5.25,5,2.5
8723.27499985695,0.241997460687358,41,23.3269999027252,35,3,1,15.8166666666667,48216.7250001431,0.148108932696093,42,58.0159997940063,30,7,8,869,4.75,3,4,3.5
13374.6795005798,0.0909098023831647,54.5,125.481500029564,44.5,8,2,17.0916666666667,47829.2334990501,0.0401550939086565,55.5,481.824000000954,19,31.5,6,871,6.375,6,2,6.5
19622.8469977379,0.0936090868477624,65,99.6004999876022,49,8,3,19.4,43182.1800014973,0.0585464874911707,66,239.907499909401,34,20,8,872,2.875,1.5,6.75,1
23287.6200010777,0.110496867209136,36,196.930000066757,29,8,2,15.7833333333333,36565.505001545,0.0980015715741039,36,498.468000173569,13,14,7,876,4.875,3,4.75,3
11922.0670003891,0.167848592837115,17,72.3454999923706,11,4,3,16.2,46560.7969999313,0.140218624617304,18,1105.66449987888,5.5,5.5,7,878,5.25,4,3.25,5.5
13345.1355011463,0.0365723052947834,154.5,24.6692499518394,148,7.5,0,16.6,48033.7485013008,0.0242489324151456,137,121.356000006199,99,40,4,879,6.625,5.25,3.75,4.5
16585.2219984531,0.0725406849432167,52,47.8110001087189,38,13,2,17.0833333333333,44398.8179974556,0.0517072689261852,53,409.651000022888,23,24,7,886,5.625,5,3.75,6
12058.1505006552,0.136312531818653,84,10.6424999237061,74.5,8,1,17.0333333333333,50307.0830006599,0.0461393508666654,84,227.029000043869,51,26,8,888,6.375,5.75,1.5,7
5744.43850052357,0.165346360579826,23,71.5577499866486,17.5,4,1,16.6333333333333,53785.8599996567,0.12793275068582,24,1190.47499990463,5,9,9,891,5,3.75,4.5,4
4979.50750005245,0.171285361935443,24,49.9037498831749,20.5,3,0,17.3333333333333,55576.9319995642,0.0935547802629536,25,1251.29100006819,5.5,10.5,11,892,5.125,3.75,3.75,4.5
68262.5564998388,0.380449961720077,15,304.940750002861,8.5,4,5,20,5929.67900037766,0.220824553641794,13,176.105999946594,8,2,1,893,3.5,3.5,3.5,4.5
22243.2179996967,0.0671544650579763,72.5,67.3099999427795,53,17.5,3,16.5333333333333,37203.9299995899,0.0350381259155221,71,281.613500118256,36,31,4,898,7,7,1,7
23062.0894994736,0.246036823167213,52.5,25.3989999890327,43.5,6,2.5,14,32579.6039988995,0.148414242866241,53,200.543500065804,31,15,3,899,4.625,4.5,5.25,2.5
5463.34150016308,0.148368323170224,25.5,61.9375,20,5,0,15.4833333333333,48329.1079998016,0.121069480610607,25,410.586000204086,12,6,7,903,5.875,6,2.25,6
4777.23700022697,0.102331407014433,28,81.0989999771118,22,5,0,17.8833333333333,58438.0059996843,0.093028348086793,26.5,1167.65725004673,7,7.5,10.5,905,5.875,4.25,3,6.5
7737.15349924564,0.0984672175034579,95.5,16.6775000095367,92,4,1,16.3833333333333,51570.2129998207,0.0333733664457686,92,347.770999908447,47,45,4,908,5,4.75,3,6
8133.84999930859,0.289568967369104,22.5,58.4122500419617,16,5.5,0.5,16.8666666666667,51272.8910009861,0.0898422739011402,22,1377.95849990845,3,9,9,909,5.375,3.5,5.5,2.5
16520.0119991302,0.061337940508901,121,7.01799988746643,108,15,1,16.6666666666667,40750.7109992504,0.0278170141672886,122,111.802000045776,92,30,4,915,4.75,4.75,3,4
15795.9150002003,0.10136776710269,145,16.2285000085831,134.5,7,1.5,17.75,55499.7880012989,0.0330152188527725,117,171.610000133514,73,41,7,923,5,3.25,4.25,4.5
23974.3049998283,0.112137121893185,53,46.7009998559952,42,9,4,18.075,37175.3150001764,0.071320808042456,51.5,252.929999947548,27,19.5,5,930,4.125,3.75,4,3
10275.3559999466,0.105380845095745,45.5,48.93850004673,37.5,8.5,1,16.6666666666667,51686.1369991302,0.0568157294038011,46,459.098999977112,20,17,12,932,6.125,6,1.5,6.5
25920.5130002499,0.0905098396719295,129,8.52300000190735,107,13,4,17.0166666666667,36257.3694986105,0.0378224039315065,124.5,140.053499996662,87,33.5,3,935,5.75,5,3,6.5
8985.48700141907,0.0707740610536051,65,21.2869997024536,57,5,0,16.6333333333333,52251.4370002747,0.0350712930963214,66,538.005000114441,23,35,7,938,6.25,6,1,5.5
19791.0229995251,0.0574304338288801,39,304.224999904633,15,24,2,14.8083333333333,32889.2430001497,0.0776498807366474,35,443.751500070095,14.5,15,5.5,941,5.625,5,3,5
16597.4255000353,0.155045859549924,29.5,125.431499779224,18.5,6.5,3,15.875,42681.3750002384,0.108818577256094,30.5,528.115000128746,15,7.5,8,946,4.875,3.75,2.75,5.5
26084.8634997606,0.246710529437369,30,161.759000003338,21.5,5.5,2.5,16.875,41812.60049963,0.100242050217131,27.5,874.279250085354,9,10.5,7.5,948,3.5,4.5,4.25,4.5
10184.643999815,0.134745013115709,26,58.1769999265671,18,7,1,17.175,51917.7244998217,0.153170288230799,25.5,898.34425008297,7,11,6.5,954,5,4,3,5
19713.3610005379,0.0678481427540261,77,64.722000002861,64,12,2,18.0833333333333,47162.7509994507,0.0466200276942109,77.5,201.066250085831,44,24,7,956,6,5.75,2,6
14487.3329985142,0.0555816281122757,62,101.766000032425,48,15,1,16.5333333333333,44294.627001524,0.161667546217887,59,169.871000051498,37,17,4,957,5.375,4.25,3.25,5
4456.76000022888,0.117850310744253,30.5,53.9400000572205,26.5,3.5,0,17.675,61497.685000062,0.0913895871506099,36.5,1343.17325001955,8.5,10,10,961,4.5,4.25,4,4.5
21401.0199997425,0.177472120268208,8,2218.00250005722,1.5,0,7,17.7416666666667,42623.8849998713,0.217624839699731,9,2734.08200001717,0.5,2.5,5.5,966,5.5,3.75,3.25,5
16205.3020019531,0.0532384138055434,53,117.53200006485,38,14,1,16.75,45110.0239984989,0.0609819305889274,52.5,299.36075001955,25,18,6.5,968,6.125,6.5,2,6
5366.52800023556,0.270288419299711,11.5,133.927499890327,6,4,1,15.1666666666667,38882.1389992237,0.171214837728908,12,2436.24399995804,1,2,7,969,4.25,4,4,4
8046.8795003891,0.0870534705217068,41.5,72.7799999713898,33.5,7,0,14.5666666666667,44127.1969993114,0.0524690199133862,42,625.483000040054,14,17,9,971,6.5,5.75,1.25,7
6308.05399990082,0.0669993331177529,20,430.979000091553,5,15,0,14.7166666666667,45742.8619999886,0.127220422925294,16,1659.54100000858,3,7,7,973,4.125,2.5,3.25,3.5
14369.2930011749,0.220139305960961,26,82.4479999542236,20,4,2,18.4166666666667,51930.7069988251,0.129536741683844,27,753.018000125885,9,10,8,981,4.375,3,3.25,5
7182.49000072479,0.17022930288644,32,45.5199999809265,27,4,1,15.6666666666667,48921.2380008698,0.143909124896222,33,392.733999967575,13,13,5,985,6.625,6.5,1.75,7
11662.0370001793,0.162378161411374,46,29.1375000476837,39,5,1,17.4333333333333,50540.0370001793,0.0744525545256817,47,445.021499991417,17,17,9,988,4.25,4.75,4.5,5.5
15483.9024996758,0.0595258234754412,77,16.1129999160767,68,16.5,0.5,15.775,46764.2865002155,0.0494527084928399,71.5,131.678499817848,44,23,7,989,6.25,5,2.75,6
2816.94300043583,0.0936771874995833,34.5,45.2502499222755,30.5,3,0,17.0416666666667,57492.4014999866,0.0775253139837337,30.5,1579.19225001335,7.5,11,10,993,5,3.75,5.25,4
23478.381000042,0.0944896218226133,19,683.131500005722,7,10,5,17.775,42486.4869998693,0.133482995505892,19.5,1073.2484999299,3,10.5,7.5,998,4.625,2.75,4.5,3.5
