"TST","Usage_quadratic","Usage_num_int_all","Usage_median_duration","Usage_num_int_5","Usage_num_int_530","Usage_num_int_30","TWT","TNST","Nonusage_quadratic","Nonusage_num_int_all","Nonusage_median_duration","Nonusage_num_int_5","Nonusage_num_int_530","Nonusage_num_int_30","user_id","Mean_flour","PA_PANAVA","NA_PANAVA","VA_PANAVA","Mean_SWLS"
11982.7740006447,0.16558227954789,19,360.618000030518,7,10,1,16.95,42565.076000452,0.147320377209837,18,1308.55599999428,4,7,7,1003,5.375,4,4.25,5,4.6
9656.81899952888,0.0547489754229328,75.5,39.0320001840591,68,7.5,0,17.6333333333333,52973.4990003109,0.038349444705442,74,248.3140001297,38,26,10,1034,5.5,4.5,4.5,6,4.6
15599.0705002546,0.315629818214663,42,16.9910001158714,37,3,2,16.7166666666667,45892.2974997759,0.0735702727372076,43,525.715500116348,17,15.5,8,1035,5.875,5,2.75,6,5.4
24720.0660004616,0.187459388833425,33,136.301000118256,23,8,3,18.4166666666667,42578.7214999199,0.0667122117014287,33.5,710.366250038147,9.5,18,7,1041,3.625,3,3.75,3.5,2.4
11880.2484995127,0.0992104003697316,28,167.179000020027,19,9.5,1.5,17.6666666666667,48077.8729989529,0.103289156539345,27,627.045000076294,10,12,7,1049,5,4,5.5,5,5.6
6691.18099999428,0.0312089166949254,71,46.6640000343323,65,3,0,16.6666666666667,53857.5405005217,0.0437060382332647,66,397.325750112534,26.5,31.5,7.5,1053,4.125,3.25,5,5,3.2
14612.2239996195,0.0384455428345055,159,22.2557500600815,146,12.5,0,17.3333333333333,47105.4860029221,0.017978107855449,157,162.889999866486,106,48,2,1060,5.25,3.75,3.25,6,6
20973.3359997272,0.111367006075213,35.5,100.650249898434,22,10,4,16.5416666666667,34047.7260004282,0.0684819178146293,36.5,418.249249994755,14.5,14,6,1069,7,4.75,2.5,7,4.6
24781.1349983215,0.0917855207966154,78,25.9259999990463,60,13,5,17.7,36252.6615005732,0.0515757552446447,78.5,237.740750074387,47,25.5,3,1071,4.375,3,1.75,5,4.8
21245.7175010443,0.0862282774210343,73,80.1920000314713,64.5,11.5,2,17.2833333333333,39477.4499971867,0.0431890252926822,73,210.166999816895,39,27,5,1074,4.25,4,3.75,4.5,2.2
6173.30849909782,0.1115449377357,46.5,36.2249999642372,44,3,1,16.5833333333333,53152.6200015545,0.0579607749909179,47,332.769999980927,23,16,10,1078,5.75,4.25,4.5,3,1.2
13634.2035001516,0.0501919365551183,97,35.2584999799728,85.5,14,0,16.2,41898.9599993229,0.0428719042984277,95,180.005000114441,60,28,5,1083,5.625,4,5,5.5,6
11482.5890009403,0.0635177956185286,64,69.1760001182556,54,9,0,15.5416666666667,44101.2479997873,0.0798760943491316,52.5,276.562500059605,25.5,20.5,6.5,1084,6.25,6,2,6,5.4
25224.3590006828,0.132947277041965,76,30.8889999389648,61,11,4,16.0333333333333,33064.3529992104,0.0456670395051296,77,221.786999940872,51,22,3,1087,6.875,6.25,1.75,6.5,5.4
6020.82599973679,0.113035648128041,65,18.7720000743866,60,5,1,18.3333333333333,60627.8839998245,0.0431393940886409,66,457.21599984169,29,20,9,1090,5.375,4,3,5,3.2
13747.1734998226,0.276653025726227,58,53.2209998965263,51.5,4.5,1,15.7,42027.4050011635,0.0828831302743802,78,174.124500155449,46,23,2,1093,5.25,5,2.75,6,5.4
12858.7709987164,0.0469224985739505,142,17.1800000667572,127,11,0,16.575,48206.9235008955,0.0349085319005914,135.5,134.800500094891,94.5,34.5,2,1094,4.5,4.75,2.25,6.5,5.4
14485.6460001469,0.107507844839012,43,92.8369998931885,32,9,1,16.9666666666667,47174.4509997368,0.0735849476596859,44,334.807999968529,17,14,9,1096,5.5,4.5,5.5,6,5.6
7609.05600047112,0.187434338855434,30,77.9919998645782,22,4,1,19.6833333333333,60659.1680002213,0.0944422950217142,31,945.490499973297,7,15,8,1098,5.125,4.25,2.75,4,4.6
19845.6045005322,0.09386896531309,97,12.0817500352859,79,9.5,3.5,15.6333333333333,36131.3919994831,0.0282213289619386,97,192.590000152588,53,32,2,1099,5.75,4.75,2.25,5.5,5.6
16880.8489995003,0.132826364556175,25,295.512000083923,12,13,3,14.1833333333333,32662.7725003958,0.0995815326038818,26,500.328000068665,9.5,10,6.5,1103,5.625,3.5,2.5,3.5,2.4
19403.5499997139,0.0890355343533097,51,90.2699999809265,40.5,10,3,16.1666666666667,42291.1579995155,0.0659934666220991,52,257.753999948502,25,18,6,1113,1.5,2,5.25,1.5,1
7204.24149870872,0.0972219951967492,61.5,28.9944999814034,58,5,0.5,18.0333333333333,58022.7170004845,0.15838567174302,65,238.481000185013,35,21,6,1125,3.875,3.5,3.25,4.5,4.4
25919.5019996166,0.0981007438481702,49,128.28200006485,39,12,6,16.5166666666667,35069.1280009747,0.0891903246341539,46,198.129999876022,27,15,5,1126,4.75,4,4.75,5,3.2
23328.1325000525,0.110510122298354,27.5,353.361999988556,14.5,12,3.5,15.8583333333333,33731.4600002766,0.0878031475658134,27,634.567250013351,9.5,10,7,1128,5.375,5.75,2.5,6,5.4
14138.9955000877,0.106796399124551,56.5,48.5842499136925,43.5,9,1,15.525,41427.8019998074,0.0608842245291573,53,334.341750025749,22.5,21,7,1131,4.625,3,3,5,4.6
9059.30849969387,0.112140686578774,43,27.06350004673,36.5,7,0.5,17.3333333333333,54622.5689997673,0.074461146518276,43,573.368499994278,15,19,9,1134,4.25,4.25,4.25,3.5,3.4
9004.11999988556,0.0890463545114526,44,78.9524999856949,35,9,0,21.125,67406.0205003023,0.0752581652450748,44,574.34500014782,16.5,17,11,1151,5.75,6,2,7,4.8
20842.5740001202,0.104385727273968,51,27.2820000648499,40,9,4,17.3416666666667,40819.4330006838,0.0539431206449962,58.5,295.420500040054,28,22,5.5,1155,4.375,3,4.5,3,3.2
9130.8900001049,0.154229545148201,35.5,30.2359999418259,27.5,5,1,16.025,47812.6245002747,0.0760057356821595,36.5,509.650000095367,14.5,11.5,9,1173,5.25,3.75,4.25,4,4
9045.98450005054,0.0418108570169854,88.5,50.2807499170303,80,8,0,16.025,50518.9870004654,0.0311143076112554,89.5,341.789499878883,36.5,40.5,5,1174,6,6,2,5.5,5
21199.8650000095,0.190991758660008,50,33.8579998612404,44,4,4,15.5,35508.7675000429,0.094002917246507,51,187.308499932289,39.5,12.5,5,1176,4.75,4.75,4.75,4.5,6.2
8362.38799965382,0.0846709511926444,46,47.4479999542236,34.5,7.5,0,17.8333333333333,54328.4555006027,0.112721012086579,47,421.413500070572,19,20.5,7,1178,4.375,4.25,5.5,3.5,3.6
12676.6820001602,0.0766178264834107,82.5,25.1374999880791,74.5,7.5,1,19.3333333333333,55753.6150007248,0.103562545298849,81,121.847000002861,51,22,6,1184,5,4,2.75,5,4.2
20588.5799996853,0.0698540660865368,63,47.3910000324249,46,14,3,15.9666666666667,34297.1759998798,0.0416467643159373,64,229.786999940872,33,22,5,1192,6.875,4.25,3,5.5,6.4
17863.3310003281,0.0903769762915242,25,315.055999875069,13,12,2,16.0666666666667,42035.620000124,0.113270545421332,24,976.727500081062,8,7,7,1227,5.625,4.75,3,5,4.4
11069.9769998789,0.133137625952865,106,6.29849994182587,98.5,7.5,2,16.25,49434.9969959259,0.0304660670918132,105,211.403000116348,63,36,4,1231,2,2,6.25,1.5,1.8
17803.0079996586,0.271673298925938,19,334.210000038147,7,7,3,17.25,42628.3689992428,0.11238720467099,20,1455.00050020218,4,7,8,126,5.625,5.25,2.5,5,6
28192.1360001564,0.169428973256583,71,61.5479998588562,59,10,4,17.35,31700.9969995022,0.0449787961622625,72,178.632500052452,41,23,2,1266,5.625,4,4,3,3
17575.4709995985,0.0502369068579322,93,45.4395001530647,79.5,14.5,1,16.25,39090.1450002193,0.0344401709669007,84,168.681000232697,51,31,4,1272,6.5,5,3.75,6,5.8
10970.6675001383,0.0849155585796817,63,14.2094999551773,52.5,10,1,18.4166666666667,53039.6849998236,0.0400703156930205,64,474.131749927998,25.5,30,9,130,6,5.5,2.5,6,5.4
21920.5890002251,0.0769336501579874,118,19.5575001239777,101,14,2,16.1666666666667,36966.8279998302,0.037548165340008,117,88.7234998941422,88,29,3,1301,4.75,3,3,4.5,3.6
18445.2900021076,0.021976791095663,236,25.932000041008,222,12,0,16.8166666666667,53398.7900006771,0.0239079701889488,159,134.09099984169,117,44,5,1308,5.625,3.75,3.75,5.5,4.8
2843.35500001907,0.0837499034274492,25,102.542999744415,23,1,0,16.5166666666667,53506.281000495,0.105646960463941,23,1561.63425004482,5.5,7.5,9,1313,5.375,5.25,3,6.5,5
13586.9420011044,0.0434729154786572,117.5,6.81650006771088,105.5,12,0,18.05,47404.7604973316,0.0206245945270838,118.5,193.992999851704,66.5,46.5,2,1315,1.625,2,5.5,1,1.2
24022.3569996357,0.102576574957849,66.5,67.5309998989105,50.5,13,3.5,16.4166666666667,35197.217000246,0.0559926896789662,67.5,247.472250044346,37,18,5.5,1316,1.25,1,7,1,1
12712.5694997311,0.190755901231257,41,60.4835000038147,36,5,1,15.75,43241.7110011578,0.0705452573966946,40,465.131000041962,17,14,8,132,4.125,3.25,3.5,2.5,3.2
9383.41600060463,0.105906208770533,44,81.8639999628067,37,7,1,17.5,54085.7199988365,0.0752906816290053,45,476.416999995708,22,16,9,1327,5.375,3.25,2.5,6,5
14054.762999773,0.0636255672091587,146,8.33899974822998,135,9,1,15.25,41005.3110005856,0.0382532773326034,147,97.4420000314713,122,23,4,1328,4.625,3.75,4,4,4
10743.4414997101,0.0791400690384478,50,66.8339999914169,44,9,1,17.35,52070.9580011368,0.0530574568824386,50,516.677000045776,20,21,9,1331,5.875,6.5,1.75,6.5,5.6
18172.478998661,0.0497852959334746,115,30.7259998321533,96,14,2,16.6833333333333,42787.521001339,0.044941814407564,108,117.147000074387,79,28,5,1333,5.875,3.25,4.75,3.5,4.2
14017.6739985943,0.0701270942149367,80,31.7570000886917,63,10,1,17.1583333333333,45951.2955006361,0.0389207479367793,75.5,256.96649980545,36,29.5,6,1340,5.375,4.75,3.75,5,6
11985.9950000048,0.0799991964686607,59,32.8462500572205,54.5,8,1,16.875,50940.471999526,0.0617081090676345,47,336.664999961853,24.5,17.5,9.5,1348,3.125,2.75,6.5,4,2
22143.851000309,0.212951694946909,33,58.0970001220703,22,7,3,16.95,36896.148999691,0.0736394387243719,34,531.137500047684,13,15,7,1354,6.625,5.75,2.25,6,5.2
6630.21449947357,0.104386770019053,29.5,57.4750002026558,24.5,5.5,0,16.3,52127.8429996967,0.152530990685467,30,607.236000061035,11,10,8,1356,4,3.25,2.75,3.5,1.8
30305.3719987869,0.293568519395573,20,134.164000034332,11,4,4,17.5083333333333,26110.4815000296,0.365457456683001,23.5,266.489750027657,13,8.5,2,139,3.375,2,5,2.5,1.6
12575.7590010166,0.0548683242843872,116,34.2440001964569,104,11,1,13.375,33355.6319994926,0.0342108658651091,111,150.12249994278,78.5,29,2,141,4.25,4.25,3,5,3.6
26696.7974997759,0.0727291174068349,56.5,74.5844999551773,41.5,13.5,3.5,18.475,44267.2150011063,0.0798238162799274,54.5,293.129750132561,27,19,6.5,149,3.25,2,6,2,1.8
10369.8989999294,0.0952707131415008,64,14.902999997139,53,5,0,16.5,49344.4039993286,0.0370218379563435,65,447.707000255585,24,32,8,152,5.875,4.5,3.25,5,5
17427.5099987984,0.0878117476098043,77,59.6459999084473,72,9,2,16.85,44072.4900012016,0.0373725844805141,78,251.354999780655,42,27,6,153,4.625,3.75,5.25,3.5,2.8
18133.1349992752,0.0648779276379484,107,39.0494998693466,93,12,2,17.5666666666667,43690.7940001488,0.0324356823396368,101,222.161000013351,63,31,5,155,5.25,4.25,3.25,5,5.4
15410.9830011129,0.046418236525426,83,61.8807500600815,63,11.5,0.5,16.5166666666667,43094.0150003433,0.0392605751963098,79,240.710000038147,45,31,5,158,5,6,2,6,6
1937.67499899864,0.198304101657878,22,57.555999994278,17,2,0,16.0333333333333,53299.5029990673,0.19366825862006,11,1614.46150004864,5,3,6,162,6.25,5.5,2.5,6.5,6
9250.08100199699,0.0464876648434686,96,17.2864999771118,92,8,0,18.2333333333333,56353.8534983397,0.0448651244235504,109,220.735000014305,61,37.5,5.5,169,4.75,3.75,4,4.5,4.2
11161.334500432,0.0525279843844693,62,78.0177499651909,52.5,8,0.5,16.1666666666667,47138.3699994087,0.0485066335650837,63,424.37550008297,28,26,8,171,6.875,4.75,3,6,5.6
27526.060500145,0.0373904413216589,117.5,84.1290001273155,97,20.5,2,16.6666666666667,27716.922000885,0.0201298305457183,115,153.631999969482,85,27,0,176,2.125,1.75,5.75,2,3
5481.22150063515,0.197909006445087,31,17.0989999771118,26,3,1,16.7166666666667,53884.4589993954,0.118092093070577,31,514.668999910355,15,8,10,178,3.125,4,2.5,4,3
12251.0299999714,0.103632169690842,55,67.3940000534058,51,8,1,16.4583333333333,47765.4685000181,0.0493001285920714,53.5,422.088000059128,21.5,22,8,180,4.875,5.5,3.75,6,4.4
4036.77600193024,0.0797276765492293,50,31.2690000534058,48,3,0,17.5333333333333,58174.4109990597,0.0630475853270979,42,462.902500033379,19,19,9,184,5.5,4.25,5.25,4,4.4
2468.21200037003,0.100387846106712,24,58.3384999036789,22,1,0,18.0166666666667,61234.0800015926,0.114518624416079,25,1473.0664999485,4,10,11,185,5.625,5.25,3,6,5.6
4183.45699989796,0.240980901384384,16.5,48.957750082016,12.5,2.5,0,17.4166666666667,45824.6340000629,0.170690015914319,16,1095.69900000095,4,2,7,187,5.375,6,3,6,5
23124.7179999352,0.137874025054409,42.5,73.9067499041557,33,7.5,4,16.8333333333333,35575.6429994106,0.0635576052588571,42,498.44000005722,20,18,6,190,6.125,5.25,2.75,5.5,5.2
6472.20700001717,0.141232354186447,43,24.7770000100136,37.5,5,0,17,53173.4290009737,0.0964792814740682,44,524.506000041962,14.5,23.5,7.5,192,4.375,4.25,3,5,3.8
16063.9060006142,0.162997148927151,20,341.240499973297,9,7,3,17.0833333333333,43027.334000349,0.132558696523596,21,923.358000040054,8,6,7,197,3.5,2,5.5,3.5,3.4
27876.2580010891,0.0546014590467785,105,22.6369998455048,95,16,3,15.7166666666667,39275.0940005779,0.0313458437732044,96,153.291999816895,50,34,1,199,4.125,3,2.75,4.5,3.8
5928.41600084305,0.0622459579889927,40,68.0120000839233,36,6,0,17.9166666666667,57339.0659999847,0.0582239405132444,39,577.007499933243,14,16,10,204,3.5,2.75,4.5,2.5,2.4
25768.2725002766,0.0715731003036365,31,492.910750031471,10.5,12,5.5,15.1666666666667,25817.2239992619,0.172124767742653,31,259.386999845505,15,9,4,209,5,3.5,3.75,4.5,4
5712.4325003624,0.220123823409714,30,49.6414999961853,25.5,3,0.5,16.1416666666667,52179.346999526,0.0731376594712743,31,1177.82974994183,6,15,9,211,5.875,6,2,6,6
17488.3210022449,0.0790221418602939,38,220.989999890327,25,11,2,16.2666666666667,42767.7790002823,0.0940374817775331,39,529.012499928474,13,19,6,212,6.125,4.5,4,5.5,4.8
20869.4510011673,0.111006036275038,39,109.868999958038,26,8,4,17,40312.4419989586,0.0802048632891863,40,299.368000030518,19,11,8,216,4.875,4,4,4.5,4.2
8704.17850017548,0.194986080066998,37.5,10.1012501120567,34,4,1,16.7583333333333,49994.9544997215,0.0799686835739978,38.5,529.078750014305,14,17.5,7.5,220,5.75,4.25,2.5,4.5,4.8
8618.68599939346,0.158889609399364,64,20.2149999141693,58,4,1,16.75,52284.1930003166,0.0430225949479935,65,392.195999860764,28,27,7,224,6,4.75,2.5,6,5
6568.35900008678,0.179729181836356,28.5,30.6404999494553,24.5,4,1,17.6166666666667,54534.3019998074,0.103735367023285,27,724.805999994278,11,10,8,237,3,3,5,2,1.4
8870.44950020313,0.0827318481545019,68.5,46.8962499499321,64.5,3.5,1,15.45,46977.7000010014,0.0436299493000779,65,346.682499885559,30,26,7,241,5.125,4,3.5,5.5,4.6
8340.41799974442,0.0498988778570559,77,37.1684998273849,67.5,8,0,16.4083333333333,50131.5604988337,0.0372700562350507,78,316.428499937057,36,30.5,8,251,5.25,4.25,3.5,5,3.8
20737.0535002947,0.0585685084398293,74.5,36.5990000963211,64,10,3,15.1833333333333,37271.6684987545,0.055815066173054,74.5,175.726000010967,44,21.5,5.5,254,5.25,3,3.25,4,5.6
15920.1959991455,0.0214777338840383,166,35.3920001983643,153,13,0,17.5,46629.2040009499,0.0281118862114715,167,123.378000020981,116,39,1,256,3.625,2.25,4.75,2.5,2.8
5179.70800042152,0.165398823665613,29,8.4210000038147,23,5,0,16.2333333333333,48618.4870004654,0.0690777921855236,27,1022.86500000954,5,13,9,257,3.25,3.75,3.75,3.5,4
12869.4400007725,0.0364898928055233,80,79.7689999341965,65,13,0,16.5666666666667,46339.8249993324,0.0432662456668632,81,222.394000053406,45,27,7,260,5.625,5,3.75,4,4
10291.1850001812,0.0671192083953444,46,108.287999868393,36,8,1,15.95,48288.034999609,0.0611059172795075,47,439.666999816895,20,20,9,261,6.375,5.25,1.75,6,5
23474.6985002756,0.392415027711515,11.5,350.040500164032,5.5,6.5,1,15.9333333333333,33885.3014997244,0.168478356844461,12,2202.47424989939,2,3.5,6.5,267,5.75,6,3,6.5,6
24245.6049998999,0.0535672687235143,101,32.5755000114441,80,20,2,17.225,37294.8335007429,0.0459125757505048,102,144.974749863148,69,27,3,268,4.5,4.5,4.5,5,4.6
16251.7329995632,0.0812597582984262,46,80.8170001506805,36,10,1,17.7333333333333,52803.2314996719,0.0510570831921273,46.5,417.166999816895,20.5,18,9,269,5,4.25,4.75,4,2.6
17750.072999239,0.0886968372049019,36,61.1860001087189,27,8,3,14.625,35510.9849996567,0.0810571724868263,36.5,396.186500012875,16.5,17.5,4,282,6.875,5.25,3.5,5.5,5.6
16378.4050009251,0.101577940689235,41,117.249000072479,31,10,1,16.5,42472.1159982681,0.0908157257023212,42,316.304500102997,18,12,7,283,2.625,1,6.5,1,1
7488.35300087929,0.207186617888508,33,62.9429998397827,28,5,1,17.75,59098.1849999428,0.0938071295712026,19,1826.73699998856,7,4,12,291,4.625,3.5,3,4.5,3.8
7616.2429997921,0.0888359593082479,36.5,101.764000058174,30.5,7,0.5,16.4,51089.7539999485,0.0602065658231041,35,1019.63900005817,8,16,11,302,6,5.25,3.5,6,5.6
8886.45600056648,0.106624585856109,66,33.1390000581741,61,5,1,16.0833333333333,48025.0290005207,0.0440501671752265,67,335.623500108719,32,25,7,304,5.25,6,3,6,4.8
6583.64199972153,0.0776545669241481,44,65.9524999856949,35,4.5,0,16.9583333333333,55511.685500145,0.0801792150471419,40,580.343499958515,13.5,16.5,10,306,4.875,5,4.25,5,3.4
24778.7994996309,0.116893730083522,32,350.355499982834,15,12.5,4,18.5833333333333,44728.7080011368,0.103781328652099,29.5,558.803250074387,8.5,13,7,307,5.875,4.75,5.5,5,4.2
8004.78299856186,0.134715976768385,33,27.6219999790192,21,8,1,16.1666666666667,47964.6810014248,0.104558293427114,34,610.701999902725,13,10,8,310,4.5,5,3,6,3.8
17264.4819984436,0.128206335390075,111,13.4449999332428,100,5,3,16.05,41254.1350013018,0.0301149819363204,105,183.708750009537,68.5,35,3,311,3.5,2.5,6,2.5,2.8
18744.2190010548,0.0548815236847745,82,55.2795001268387,61,19,2,16.4333333333333,41371.8239991665,0.0443046216263133,83,211.649000048637,44,26,5,312,5.125,3.5,4.5,5,5.2
15417.9249997139,0.114829075693262,26.5,148.108250141144,17,6.5,3,16.25,41906.9839997292,0.0921607066056332,27,483.4390001297,8,12,7,316,6.5,6.25,1.5,6.5,4.6
5981.52349960804,0.0790263173234834,32,96.7119999527931,24.5,6,0,16.3083333333333,52545.2335005999,0.0927092345897607,33,700.033249914646,14,8,10.5,317,5,4.75,3,5.5,5
11763.6349983215,0.106766436920111,37,145.342000007629,30,7,1,15.8333333333333,44537.4249992371,0.0643774485199213,38,482.542000055313,17,16,7,319,3,3,4.25,2.5,2.6
14837.4794995785,0.0962788044003193,55.5,39.5132501125336,43.5,6.5,2,16.475,43452.5205004215,0.0820241750619308,48.5,310.316749930382,25,17,6.5,326,5.375,3.5,4,5,5
8734.98799967766,0.097903701492967,37,100.120000123978,32,7,0,15.1666666666667,45721.4479999542,0.0739146586358199,38,567.666499972343,15,13,9,331,5.5,4.75,3,4,3.4
10131.6929988861,0.0850003908869112,52,62.1110000014305,45.5,8.5,0.5,16.35,47456.0240013599,0.0736936823792261,51,285.766000032425,28,18,8,341,3.375,1,5.25,1,1.4
12522.5119991302,0.0738008013096209,71,38.3265000581741,60,11,1,15.9666666666667,45944.8539988995,0.0579326377192928,70,259.051249980927,37,23,7,344,6.25,5.75,1.75,6,5.2
16120.1174999475,0.0482147349705277,62.5,72.4515000581741,52.5,13,1,16.6166666666667,43244.9199998379,0.0557054442490973,63,189.256500124931,35,23,7,364,5.375,4,3.75,4,5
7706.40399980545,0.13621630759955,24,128.961999952793,17,5.5,1,16,45916.6670005322,0.12710723219348,25,963.09550011158,6,8,8,365,4.5,4.25,3.5,4.5,4.4
5927.78300023079,0.304312166144357,12,57.4465001821518,7,3,0,15.225,49648.035499692,0.181541692121305,13.5,2104.68999987841,1.5,5.5,6,366,3.75,3,3.25,5,5.2
11563.7210013866,0.0815045939532948,43,77.8932500481606,34,9.5,0,17.2916666666667,48947.2279989719,0.0873220973630294,44,351.236999988556,21,14,8,368,5.625,3.75,3.25,6,5.8
6707.69500041008,0.138910884076143,26.5,117.255500018597,20.5,5,0.5,15.975,51577.4554998875,0.116419314580008,27.5,955.837999939919,9,8.5,10,369,5.75,5.75,2.25,6,3.4
9947.41799986362,0.0891605602927213,73.5,56.2362499833107,68.5,4,1,14.9,44119.7970016003,0.0495634211751613,68,233.848499894142,39,24,6,372,6,6,2,6,5.6
11834.3779995441,0.109679925753724,46,34.3485000133514,41,6,2,16.5833333333333,48084.0099992752,0.188536636556453,47,124.303000092506,28,16,5,373,5,3.25,4.5,4.5,3.6
10991.0350008011,0.0584576500146677,74,7.81375002861023,65,8,0,21.3666666666667,65007.8739991188,0.0668412259264184,73,259.293499946594,38,24,10,376,5.625,5,1.75,4.5,3.8
4455.23299956322,0.134651091464193,51,32.6100001335144,46,3,0,15.9666666666667,53092.2670006752,0.0551737219547011,52,485.802000045776,18,22,9,383,6.625,6.75,2.25,7,3.4
13075.7460000515,0.0638108965422621,47,75.326000213623,32,12,1,17.5,49898.5919992924,0.0719259746135698,48,319.512000083923,26,19,9,387,4.5,4.5,4.25,4,3.6
16603.1270020008,0.0346919427979445,152,17.9630000591278,138.5,13,0,15.7583333333333,40076.7720007896,0.0321499031457597,153,100.01700001955,119.5,30,3,394,6.75,2.75,3.75,6,5.6
23646.5769991875,0.110464234530055,21,570.781000137329,7,10,4,16.4,33731.9160003662,0.152927668699416,21,585.479000091553,9,7,6,400,5.375,4.5,3.75,6,5.4
9540.21999955177,0.176092610524569,38,41.4019999504089,31,6,1,15.7916666666667,43401.570500493,0.0656371668323701,37.5,584.689499974251,15,14,8,404,5.75,6.25,3,6,5.4
16040.8849999905,0.105160774643612,59,59.2734997272491,48,8,3,16.5833333333333,43910.5580010414,0.0625605984569332,54,401.141999959946,21,20,6,406,6,4.5,3,6,5.2
9119.18100142479,0.0957430814478416,51,50.9339998960495,41,7,1,15.4166666666667,46105.9960005283,0.0509337777733877,52,654.088000059128,13,25,8,407,5,3,4.25,4,3.6
15715.6510024071,0.0624657543089043,94,27.875,82,10,1,16.875,44774.9775004387,0.0415629216603406,92.5,175.686250030994,56,29,5.5,409,5.875,3.5,5.25,4.5,5.4
7506.07300043106,0.163663994388119,10,434.06550014019,4,4,1,18.2833333333333,57459.5829997063,0.174909962977296,11,2705.60800004005,2,3,8,411,5.125,3.25,2.5,4.5,4
13098.908998251,0.0470730001342993,114,14.1594998836517,103,12,0,17.4166666666667,51337.7510001659,0.0292093552866413,115,147.662000179291,76,32,7,416,5.125,4.5,3.75,5.5,5.4
9551.14199995995,0.0818021230313522,47,82.919499874115,40,7.5,0.5,18.0833333333333,57988.6579999924,0.0551346893358975,39,871.391999721527,9,19,9,418,6.375,5.5,2,6.5,5.6
11398.9699997902,0.127687031887715,35,76.2520000934601,26,10,1,18.5833333333333,51510.4764991999,0.112957328721742,36,332.892999947071,18.5,14,7,420,3.625,3,4,3.5,3.4
5915.417999506,0.067044442328018,46,44.5119999647141,35,4,0,16.1666666666667,51204.582000494,0.0725777705483463,47,513.118999958038,19,20,9,426,5.75,4.25,2.5,4.5,5.2
35900.4009997845,0.130567746649986,51,72.4319999217987,37,7,6,15.5916666666667,20234.1184999943,0.0684453945174717,49,225.354999959469,27,18,1,435,5.625,5.75,2.25,6,5.8
12730.8519992828,0.0947776766518742,35,112.427250027657,24,10,1,17.7666666666667,50664.9789998531,0.0810880228680569,35,753.792499780655,10,13,8,436,5.375,3.25,5.25,1,1.4
15643.5680024624,0.11809381054516,117,7.72699975967407,106,8,2,16.5166666666667,43403.8369998932,0.0451375657537441,118,143.391000151634,76,27,5,437,6.375,5,3.5,6,3.6
26022.0434999466,0.300795487255349,10,705.836499989033,0,4,3.5,19.2,41617.1689994335,0.243848922240503,11,3185.59199976921,1,2,5,438,4.875,4.25,5.5,3,1.4
14741.7369997501,0.0907672519098947,38.5,89.9632499814034,27.5,12.5,2,15.7833333333333,43525.7720003128,0.0832642648670981,39,534.563000202179,16,17,7,439,4.875,3.25,3.5,5,4.4
13820.7179996967,0.0560566689034907,108,32.3665000200272,102,8,0,15.1166666666667,41644.6900000572,0.0405515773205765,105.5,138.620999932289,69.5,31,4.5,448,5.375,4.25,4.25,5,3.8
2850.12149953842,0.109079683636564,17,98.4729999303818,15.5,2,0,16.3166666666667,51030.2189999819,0.141111237516925,17,1580.32524996996,3,5.5,7.5,451,5.75,5,3.5,5.5,6
20234.0210006237,0.229867850634479,18,101.049000263214,11,7,2,17.6333333333333,43245.9789993763,0.160673672758116,19,1354.08799982071,4,5,6,454,4.375,3.5,4.5,6,4.2
10060.3200008869,0.102450698891278,39,64.8145000934601,29,9,1,16.4166666666667,48622.2069993019,0.0747088645506193,40,482.016999721527,15,12,10,455,5.75,5.25,1.25,6.5,4.2
8315.77000069618,0.0681323785413193,46,65.5854998826981,41,4,0,16.1333333333333,51744.2299993038,0.0689749426176783,47,332.27999997139,21,18,8,456,6,5.5,3.25,5.5,5.6
23423.9785001278,0.0373923866218098,109.5,75.6932500004768,89.5,19.5,2,16.125,34626.0214998722,0.0303134721170695,110.5,129.141999959946,76,28.5,2,458,6.375,5.25,2.75,3.5,5.4
18245.1629991531,0.240095514458562,36,28.4114998579025,28,6,3,17.1333333333333,48372.6050001383,0.081998802894494,38.5,355.367000043392,19.5,10,10,468,5.625,4.5,2.5,5,5.6
17821.4589972496,0.0953320521136658,94,6.56499981880188,89,9,2,16.0833333333333,40665.9229998589,0.045178072515392,95,131.06500005722,75,24,5,470,4.875,4.5,5,4,5.2
16876.4890003204,0.114582830040245,35,107.704999923706,21,9,3,16.3333333333333,38555.756998539,0.0668726116461443,36,625.352499961853,12,16,9,479,6,3.75,3,5.5,5.2
15420.7949998379,0.056549272592555,49,174.192749977112,34.5,12.5,1,15.2666666666667,39757.3289999962,0.0787255604902406,49,309.130999803543,22,17,6,480,6.5,5,2.75,6,5.8
1429.71699857712,0.0981683672519441,21,37.7260000705719,21,0,0,16.0666666666667,56181.4405008554,0.133737285672922,21.5,1091.01399993896,5,6.5,8.5,482,6.25,6,1.75,6,6.2
4179.82900094986,0.135315626798552,24,52.2830001115799,22,2,1,16.45,51086.2509989738,0.119254957611899,22,1336.30900001526,6,8,8,491,5.625,3.5,4,5,4.8
7806.98800063133,0.0737400100737508,48,48.6974999904633,43,4.5,0,17.7833333333333,56557.091001749,0.0489555966559546,48,538.513000011444,15,20,10,492,3.375,4,3.75,4,4
8970.84999966621,0.136376935651631,36,22.9260001182556,30,6,1,18.0833333333333,57112.5625008345,0.0622087989529084,35.5,934.166999936104,10.5,12,11.5,495,5.625,5.25,2.5,6,5.2
12142.1965007782,0.069921306357471,77,32.9274998903275,70,8,1.5,15.9083333333333,46169.9059994221,0.0496091437188624,78,189.073999941349,49.5,23.5,7,506,3.75,3,5.25,3,2
29518.989000082,0.0863848513970732,38,228.875999927521,21,9,6,17.05,30541.010999918,0.088219943840651,39,270.535999774933,20,13,5,518,6.625,6.75,1.5,6,5.2
4039.73500156403,0.0508526817140306,76,24.1640000343323,76,3,0,17.4583333333333,58220.264500618,0.0457917835057117,74.5,300.225499808788,36.5,25,8.5,531,4.75,3.75,3.75,4.5,4
8846.83800017834,0.188536462544679,47,33.3312500119209,39.5,5.5,1,15.4,47241.2630002499,0.0770994284467149,45,367.358500123024,19,18,7,532,5.375,3.75,3.5,4.5,3.6
13793.055000782,0.0981193185659736,30,422.587000012398,15,11,2,17.6083333333333,51025.284499526,0.101400636615176,27.5,782.830999970436,8,10,8,536,5.375,4.5,3.25,4,4
22360.3350012302,0.0602114639348732,92,47.6420001983643,74,14,3,17,41212.1319987774,0.0351824038310381,93,211.543499946594,60,35,4,539,6.75,5.5,3,7,6
12053.6070013046,0.057952498817881,39,182.661999940872,26,12,1,18.9166666666667,55924.5239992142,0.0778702196246923,37,551.981249928474,13,13,8.5,540,4,3.25,5,4,2.6
14314.2659999132,0.0923071262510328,38,117.725000023842,23,11,1,15.9166666666667,43547.5449998379,0.0796786233881169,40,398.843999862671,18,13,8,544,4.375,2.75,4,4,2.6
20453.2279977798,0.0545172909378316,114,29.3209999799728,101,11,2,18.2833333333333,48835.4789988995,0.037137715200541,115,141.203999996185,80,34,5,560,6.625,6.5,1,7,6.6
23763.3724997044,0.112271561865039,43.5,135.287499964237,28.5,9,4,17.5833333333333,42789.4859995842,0.0758017611760153,42,357.263000011444,21,16,7,562,4.75,3.25,5.75,3,4
33955.9739984274,0.106681985833409,33.5,249.179750084877,19,12,5,15.95,21561.2860014439,0.0860292241374773,34.5,282.066500127316,18.5,12.5,2,574,4.375,1.25,5.25,1.5,2.6
8351.19200062752,0.0396400533704459,106,18.7745000123978,101,3,0,14.95,46010.430000782,0.0313143075201082,106,230.141000032425,54,37,5,575,5.625,5.75,1.75,6.5,5.8
10787.3389998674,0.114935686963967,26,133.752749979496,15.5,11,1,17.75,53259.7330005169,0.113895479963855,26,572.023000001907,9,8,10,577,4.875,3.25,5,4,3.2
8824.27699899673,0.0564815160309544,101,23.6080002784729,91,7,0,15.025,44421.1949996948,0.0342700881807382,95,225.430249989033,58,33,4.5,588,5.75,5,3,6.5,5
15931.6239987612,0.112658313979301,70,23.1057500839233,60.5,8,2,17.4166666666667,45598.9320013523,0.0662186767269957,70,167.580999851227,40,20,7,590,6.125,4.5,3.25,6,5
2385.63899970055,0.125525150426741,36,28.4340000152588,35,1,0,16.575,54790.1535010338,0.0905131673301157,37.5,501.804499983788,18.5,10.5,10,600,4.375,3.5,3.5,4,4.8
10395.2759993076,0.054089375247746,104.5,21.774749994278,92.5,7.5,0,15.25,40789.0859968662,0.0322595765784615,109,169.831500053406,70,32,5,608,6.25,5,3.25,5.5,4
14934.4719991684,0.0761928095648951,22,408.906499862671,1,20,1,15.85,39365.5280008316,0.119701590447688,23,834.150500178337,6,11,8,613,2.75,2.75,5.5,1.5,1
15534.0959997177,0.0854224357882494,66,51.0729999542236,56,12,2,16.8333333333333,39845.5230004787,0.0685518170812462,67,200.263500094414,34,23,5,620,4.5,4,4,4,2.2
12695.9545001984,0.10564589886159,177,7.60900002717972,166.5,7,1,15.1583333333333,42237.1529991627,0.0191974802463144,178,120.75100004673,138,37.5,1,622,5.125,2.75,4.75,3.5,4
4007.18500065804,0.164977160987517,21,138.445999860764,13,4,0,17.1833333333333,53635.0360002518,0.241080180983119,22,562.344499826431,8,5,5,628,7,7,1,7,7
7492.13600003719,0.152249613404527,20.5,113.837999999523,12.5,6.5,1,17.25,53417.6424999237,0.135735630833156,21.5,1281.90400004387,6.5,7.5,8,633,4.125,4,4.25,4,4.4
17630.0005002022,0.0797122268389564,66,21.6294999718666,53.5,10.5,2,16.25,40418.6289989948,0.0590059885695415,66,244.701000213623,36,24,5,637,5.5,5.25,2.5,5.5,3.8
18193.6590008736,0.0553648984453828,104,10.7855000495911,92,12,2,15.1666666666667,39975.8859988451,0.0585541970940681,102.5,92.5535000562668,79,16,4,644,5.125,2.75,5.25,4,3
11128.5169999599,0.0791776104389501,47,65.3830000162125,37,11,1,15.5833333333333,42931.4830000401,0.0944736251857637,48,264.191999912262,26,14,7,645,3.875,3.5,3.75,4.5,3.6
12984.4719994068,0.0714125593264549,136,10.9810000658035,123,11,1,16.0583333333333,46104.5149999857,0.0383198725524129,129,148.992500066757,93,34,4,647,5.375,5,5,5,3.8
27664.132499218,0.0865310777544514,20.5,840.113999903202,3.5,13.5,4,17.0416666666667,31361.0735001564,0.0901303481308834,21.5,909.559750020504,4.5,10.5,5.5,649,5.75,5.75,2.5,5.5,4.6
16364.2439994812,0.0603315091957521,67,103.246999979019,51,8,1,14.7166666666667,37659.9439991713,0.0533669227416365,68,194.611500144005,44,18.5,5,654,3.875,3,3.25,3,3.4
9121.4560008049,0.0882747703113502,28,140.74749994278,17,10,0,15.0583333333333,47224.6050001383,0.0866450636728477,24,1151.34549999237,6,8.5,9.5,659,5.125,3,3,5.5,4
4717.30350089073,0.0970036274781167,36,66.0342500805855,30,3.5,0,16.6166666666667,54500.6104999781,0.0756741829586915,37,710.719499945641,12.5,13.5,9,661,4.25,4,4.5,5,5.2
3561.65250003338,0.131138000820441,44.5,7.11974996328354,39.5,3.5,0,15.75,53033.2090001106,0.0601164517506517,41,643.796999931335,18,19,10,664,5.75,4.5,2.5,5,4.6
6103.60599994659,0.126793419211057,41,43.1719999313354,36,5,0,16.75,51382.6060020924,0.103758447874621,42,556.727999925613,18,17,7,668,5,4.5,3,5,4
5808.55699956417,0.0673486590645586,82,15.56149995327,78,4.5,0,16.9166666666667,53857.8310015202,0.0333135414086155,83,359.679000139236,40,36,6,676,4.75,3.75,3.5,5.5,5
18727.4630000591,0.130827051581436,85,14.8724999427795,76,7,3,16.0083333333333,41225.471999526,0.0442040293716186,85,150.253500103951,53.5,27,4.5,678,5.125,4,3.75,5.5,5.2
13607.586999774,0.0567783646316849,32,360.881000041962,9,23,0,16,43586.5064994097,0.0753744454720645,33,727.574999928474,9,15,8,687,5.375,4.25,4.5,3.5,4.8
9098.91700029373,0.0971618321337715,57,36.9900000095367,44,9,0,17.5833333333333,45060.8229997158,0.0650065900767866,48,296,23,18,8,693,5,5.5,2,6,5.2
14679.364998579,0.0370330507867147,155,39.0569999217987,145,11,1,16.7083333333333,44678.8559988737,0.0214533496344396,155.5,148.342000126839,117,40,2,696,5,2.75,5.25,2.5,4
9709.59149909019,0.0460969764463972,91.5,27.5602498054504,83,9,0,17.6083333333333,53847.7794998884,0.0621019026087717,92.5,157.931749999523,66,25,6.5,697,5.5,4.75,3,4.5,4.2
10481.2909986973,0.0984648473275166,67,19.9449999332428,54,7,1,18.5416666666667,56177.6120004654,0.0646407943019618,64.5,306.103999853134,36.5,22,8,789,2.625,2.75,6,2,2
12982.9830019474,0.0802383606437805,88,11.2720000743866,81,8,1,16.0833333333333,44017.0169980526,0.0319621839463805,89,218.043999910355,50,38,3,790,4.375,3.25,5.5,2.5,4.8
12435.0139980316,0.0568420949413581,52,121.640000104904,39,12,1,17.0083333333333,47880.0764993429,0.107273272425302,47,263.159749925137,25,13.5,6,812,5.125,3.75,4.5,4.5,4.6
5507.04400038719,0.0639174386123115,42,35.4130001068115,34,8,0,14.95,47701.3290002346,0.0535996034866054,43,592.211999893188,17,18,9,814,5.75,3,5.25,3,5.4
8631.12500047684,0.192392380818934,16,88.836000084877,10,3,1,14.4166666666667,42340.5504999161,0.241543535539893,17,801.43449985981,6,5,6,820,5.375,2.75,5.75,3.5,3.2
19089.049000144,0.0538142828166354,65,70.743499994278,49.5,17.5,1,17.275,43090.0934993029,0.0388752661428423,66,282.784000098705,33,27.5,6,822,4.125,3,4.5,4,3
34962.4819999933,0.0732849286784784,58,80.7820000052452,42,13.5,6.5,15.6666666666667,26016.7339992523,0.0622634649327217,54,205.976000070572,36,20,2,824,3.875,3,5.5,1.5,2.8
19902.270000577,0.071022819022744,45.5,166.529500126839,31,15.5,3,17.2833333333333,42222.7730002403,0.051803891283675,46,423.175000190735,18,23,6,827,5.375,5.25,2.75,5.5,4.4
4565.68999862671,0.186552430988398,71,4.48375004529953,67,3,0,15.1666666666667,51123.2980000973,0.0407049417329664,74,387.177500128746,32,37,6,829,5.375,5,2.25,5,5.4
5857.02500033379,0.132481326088174,29,67.7709999084473,25,5,0,17.9166666666667,57343.9850010872,0.148893401928764,33,623.882999897003,12,13,7,830,5.125,3,3.75,4,5.4
10471.5399997234,0.184989045445096,17,183.233999848366,11,6,1,16.0333333333333,43932.0619995594,0.156178589694236,17,880.652000069618,4,4,6,831,6.625,3.75,3.75,7,5.6
13296.6290001869,0.101842416412662,34,164.792000055313,25,9,1,17.3333333333333,49103.3709998131,0.0652034867598439,35,840.578999996185,8,15,10,836,5.5,5.5,3.75,6,5.2
10892.5274999142,0.0430842205303953,129,36.0350000858307,120,5.5,0,16.7916666666667,48901.3949997425,0.0221714433826546,130,184.886250078678,84,42,4.5,837,6.125,5.5,2,6.5,5.4
1176.89200043678,0.29022264536493,7,107.089999914169,7,1,0,18.25,61504.6564999819,0.260248761326612,8,6975.60399997234,0,1,5,838,5.125,4.25,4,4.5,3.2
2790.58700048923,0.0811162537726971,54.5,12.4417499899864,54.5,2,0,17.05,58264.0019993782,0.0486568436000972,47,625.505999922752,21,21,11,841,4.75,4.5,4,6,4.6
18277.4000003338,0.117691510231395,92,10.3205000162125,77,13,2,14.5166666666667,34419.9119997025,0.035108783461862,93,162.444000005722,60,31,1,850,5.5,4.25,3.75,5.5,4.4
2394.73700070381,0.0999056855616583,48,14.8339998722076,45,1,0,17.1666666666667,59889.9989991188,0.0606402079878958,47,656.918500065804,16,19.5,11.5,853,6,5,3,5,4.8
13293.3354996443,0.112588136915304,41,71.5789999365807,29.5,10,2,18.2166666666667,52832.0510001183,0.107592003638092,37,442.491500020027,16,12,7,854,5.375,4.25,4.25,5,5.8
21336.9339996576,0.0810180272121899,40.5,132.883499979973,29,13,2.5,16.6,41190.159999609,0.0665644228087433,40,318.749000072479,20,16,6,861,6,5.5,1.75,6.5,6.8
7228.80249965191,0.18836640833709,43.5,15.6190001368523,37,3.5,0.5,16.1,49175.572999239,0.122810926360484,57,71.5744999647141,38,10,7,869,4.5,3.5,4,2.5,3.6
14960.5200004578,0.0517414399745403,66,122.427999973297,59,10,0,16.8833333333333,47261.2264999151,0.0401255847465368,65.5,402.455749928951,26,32.5,5.5,871,6.5,6.25,2,7,6.2
16284.448499918,0.0945730931972521,30,206.302749931812,17,10.5,1,15.6166666666667,38192.8750002384,0.111159522126622,30,462.856999993324,13,9,6,876,4.625,2.5,4.25,3.5,2.2
16452.1025007963,0.0683765757089054,111.5,31.2044999599457,100,9,1,17.55,46593.3839985132,0.0280988580406345,112.5,197.548999965191,68,36,4.5,879,6.5,4.5,4,4,4
15011.4404999018,0.0757543660025113,55.5,44.5847500562668,43,12,0,16.7333333333333,44090.8920009136,0.0614942247692122,54,447.348999977112,21,23,6,886,6.375,5.75,2.75,6.5,5.4
3029.50600075722,0.113485210576929,26,60.384999871254,22,3,0,16.6666666666667,56676.072999239,0.128387594096592,17,1472.69799995422,3,6,8,887,5.625,4.5,3.75,3.5,4.6
7401.50000023842,0.161157780241069,21,106.117999911308,19,6,1,16.5833333333333,52793.8309996128,0.157781379026082,21,1239.97499990463,4,8,9,891,4.875,4.25,3.5,4.5,5.8
3288.38199901581,0.143094515040501,27,51.7449998855591,21,2,0,19.3083333333333,60087.7920000553,0.118225445441585,26,1060.8939999938,7,10,10,892,5.125,3.5,4,4.5,4.2
14261.8499999046,0.55877797133184,25,18.8220000267029,22,2,1,15.8333333333333,42994.8920004368,0.0906855886570528,26,855.710499882698,9,7,9,893,2.75,1.75,5.5,4,1.6
16718.9239999056,0.271193190705008,15,250.059000074863,7.5,5.5,2.5,16.5916666666667,42681.0760000944,0.24612666763087,16,1091.48350000381,4.5,4.5,6,894,5.375,4.5,3.25,5.5,2.8
7597.17849898338,0.134724847416913,56.5,13.0930001139641,49,5,1,13.35,41117.5020008087,0.0610518867365225,60,246.302999973297,33,21,7,895,3.125,2,5.5,1.5,2
8653.74050080776,0.165606067684682,28.5,67.4580001831055,21.5,6.5,1,15.8583333333333,48536.3720002174,0.113531571659508,28.5,849.846749961376,11,5.5,8,903,6,6,2.5,5,5.8
7669.01699972153,0.168022523363802,21,60.6360001564026,13,5,2,16.375,51259.8820002079,0.0999623893610896,20.5,1711.95350003242,4,6.5,8,909,5.25,3.75,5,3.5,5.8
8564.05099952221,0.0616712760915268,89.5,14.2710000872612,85,3,0,17.2083333333333,53620.8159995079,0.0374597103059982,90.5,216.930249989033,51.5,34,7,923,5.125,2.25,3.75,4.5,3.8
33767.2375000715,0.0757540275626662,63,105.918500065804,48,16.5,5.5,16.6666666666667,25485.8719985485,0.0815572625698366,56,151.321000099182,33,19,2,929,4.25,4,4.25,4.5,1.6
18122.5135006905,0.165428602169192,51,12.8159999847412,42,9,2,17.7666666666667,42642.6839985847,0.0957756643112918,50,301.700000047684,27,18,6,930,4.75,4.25,4.25,4,3.4
8201.25300121307,0.0966610873398588,66,20.5220003128052,61,6,1,16.7833333333333,51987.5919981003,0.0305592494807103,67,491.502499938011,27,34,8,938,6.5,6.25,1.5,5.5,5.8
14727.8940014839,0.252940590193476,18,143.576000213623,13,4,2,15.1666666666667,34358.1289994717,0.15110402546646,19,487.212000131607,8,5,7,946,4.75,3.75,4.75,5,4.8
23844.8469996452,0.0748063291333767,43,166.109500050545,30,12,2,18.5833333333333,43107.1479992867,0.0713788781374439,44,516.294000148773,18,20,7,948,3.375,4,4,3.5,4
22470.7039999962,0.160119742796755,29,121.575999736786,16,5,4,15.75,33717.1419999599,0.14833267227398,30,806.109499812126,10,14,5,950,4,3.75,3,4.5,3.6
7891.75900042057,0.153826178803296,26,63.6539999246597,22.5,4,1,16.35,49131.710999608,0.09391554543144,27,900.192749977112,5.5,12,8.5,954,5,4.75,3.5,5,4
16544.7199995518,0.0605339109403922,66,78.7119998931885,49,16,1,16.1833333333333,41715.2800004482,0.0367408278343352,67,273.442499995232,35,27,5,957,4.5,3,3,4,3.8
7490.57700037956,0.0934241328463875,41,77.1710000038147,33,8,0,16.3,49949.7229995728,0.090428519272132,42,538.659999847412,16,16,9,961,5.5,4,4,3.5,4
20754.2690010071,0.0638608156203025,60,50.6310000419617,44,15,4,17.8333333333333,52500.2239992619,0.0674425307280308,61,555.930999994278,21,30,10,970,4.875,3.25,3.25,5,3.8
7392.59800064564,0.0677994433199874,53,47.0980000495911,46,7,0,15.7583333333333,49169.5434991121,0.0471056765782473,53,428.04675000906,22,23,8,971,6.125,5,1.5,5.5,6.2
6342.72449982166,0.170925140642096,40,21.8417500257492,35.5,3.5,1,15.4166666666667,49007.2755001783,0.11659750230757,41,292.911749958992,21,14,7,985,6.25,6,1.75,6,6.4
11121.8429999352,0.134612560303505,54.5,25.1102499961853,47,5,1,16,50980.3890008926,0.0613505508056238,55,341.919000148773,23,15,8,988,4.625,4,4.5,5,3.8
9906.83500099182,0.0743238399554052,67,12.538999915123,55,10,0,14.9083333333333,46323.9954992533,0.0529874541859812,68.5,169.01700001955,40,24.5,8,989,5.875,3,3.5,5,6
4760.97249996662,0.0591857506931693,56.5,44.864000082016,53,4.5,0,16.6333333333333,53193.8015005589,0.052653075517047,57.5,418.728499948978,25,22.5,9,993,5.375,4,3.5,6,5.8
